train_base_euler_roll,train_base_euler_pitch,train_base_euler_yaw,train_dof_pos_0,train_target_dof_pos_0,train_dof_pos_1,train_target_dof_pos_1,train_dof_pos_2,train_target_dof_pos_2,train_dof_pos_3,train_target_dof_pos_3,train_dof_pos_4,train_target_dof_pos_4,train_dof_pos_5,train_target_dof_pos_5,train_dof_pos_6,train_target_dof_pos_6,train_dof_pos_7,train_target_dof_pos_7,train_dof_pos_8,train_target_dof_pos_8,train_dof_pos_9,train_target_dof_pos_9,train_dof_pos_10,train_target_dof_pos_10,train_dof_pos_11,train_target_dof_pos_11
0.020990541204810143,0.07472404092550278,-0.05112314224243164,-0.020929353311657906,0.022358905524015427,0.07070697098970413,0.028493506833910942,-0.010674533434212208,-0.013163632713258266,-0.014885311014950275,0.034380048513412476,-0.013474931940436363,0.06355427950620651,-0.00041243538726121187,0.007542336825281382,0.007617058232426643,-0.016818054020404816,-0.006902921013534069,0.008329404518008232,-0.006053564604371786,0.011234406381845474,-0.00013145882985554636,0.00109409901779145,-0.05567830801010132,0.01659034937620163,-0.013132117688655853,0.012030062265694141
0.03702900558710098,0.08552055060863495,-0.062238216400146484,-0.035032253712415695,-0.048670798540115356,0.052012961357831955,-0.009989308193325996,-0.009062601253390312,-0.03614206612110138,-0.02711000107228756,-0.009894772432744503,0.015442552044987679,0.1636974960565567,-0.04316387698054314,-0.03925450146198273,-0.01399311888962984,0.024259597063064575,-0.02635038271546364,-0.024324951693415642,0.010639872401952744,0.027543246746063232,-0.004505384247750044,0.05956050008535385,-0.06296449154615402,0.05566268786787987,-0.009862278588116169,-0.04348692297935486
0.03184492141008377,0.059372927993535995,-0.07751607894897461,-0.026570092886686325,0.044110409915447235,0.05436614155769348,-0.005819353740662336,-0.010271212086081505,-0.04888058081269264,-0.011012319475412369,0.04435773566365242,0.021879838779568672,0.02570776641368866,-0.04027484729886055,0.003164358902722597,-0.0013608704321086407,-0.025900140404701233,-0.022574972361326218,0.045593880116939545,0.025081558153033257,0.0536382794380188,-0.01393208373337984,-0.040737710893154144,-0.04077744856476784,0.0775505006313324,-0.005518291611224413,0.027565866708755493
0.01274782419204712,0.02264874242246151,-0.08975458145141602,-0.0026719619054347277,0.011300614103674889,0.06389134377241135,0.031430475413799286,-0.01660219207406044,0.005048430059105158,-0.0034199778456240892,-0.009111705236136913,-0.012077933177351952,-0.055260058492422104,0.00392276281490922,0.03883450850844383,0.022360794246196747,0.031581513583660126,-0.009157923981547356,-0.0334196612238884,-0.00014832624583505094,-0.10310140997171402,-0.027590468525886536,-0.04854290932416916,-0.017444966360926628,0.007313464768230915,-0.0040451278910040855,-0.06524942070245743
-0.0020842552185058594,-0.007493019104003906,-0.09371042251586914,-0.004942059051245451,-0.006228521466255188,0.07204343378543854,0.02688123658299446,-0.018747195601463318,0.028595509007573128,0.03871563449501991,0.037439316511154175,-0.037976350635290146,-0.13956375420093536,0.010916508734226227,0.04381903260946274,0.02960006520152092,0.01281965896487236,0.0025150326546281576,-0.04633955657482147,-0.005385654978454113,-0.06805365532636642,-0.014305884018540382,-0.02354874461889267,-0.007859715260565281,0.032230790704488754,-0.0034176965709775686,-0.06260130554437637
0.006588133051991463,-0.028223037719726562,-0.09673023223876953,-0.005275165196508169,-0.035766471177339554,0.05493095517158508,-0.04471887648105621,-0.010138544254004955,0.0447818860411644,0.0766587182879448,0.04464360699057579,-0.09739823639392853,-0.19031012058258057,0.024021675810217857,0.057792890816926956,0.02198873646557331,0.012983649969100952,-0.01578664407134056,-0.06393346935510635,-0.0008566419710405171,-0.04811946302652359,0.01704384945333004,-0.003347390331327915,-0.010832802392542362,-0.04198572412133217,0.008278081193566322,-0.0280059315264225
0.029817674309015274,-0.031934261322021484,-0.11246204376220703,0.002783760894089937,0.033021554350852966,0.02244529500603676,-0.039029404520988464,0.014952098950743675,0.0072977240197360516,0.07719582319259644,0.05817094072699547,-0.14063069224357605,-0.19435381889343262,0.04466565325856209,0.0754270851612091,-0.007045092061161995,-0.06956620514392853,-0.04710417240858078,-0.03302142769098282,0.025210775434970856,0.07776647061109543,0.054520465433597565,0.025771955028176308,-0.016083376482129097,-0.03712562844157219,0.022480659186840057,0.06862052530050278
0.03680768981575966,-0.028095245361328125,-0.11973142623901367,0.007487099152058363,0.0016061002388596535,0.003042062744498253,-0.0922001525759697,0.02489697001874447,0.012183645740151405,0.061566438525915146,-0.008069224655628204,-0.14783552289009094,-0.13326628506183624,0.06809654086828232,0.128457710146904,-0.012373652309179306,0.002937314100563526,-0.06340618431568146,-0.009548548609018326,0.037645373493433,0.0698046013712883,0.04225781559944153,-0.07771103084087372,-0.0029760412871837616,-0.013012249022722244,0.034641165286302567,0.009827833622694016
0.03324966877698898,-0.018123626708984375,-0.13541173934936523,0.013276778161525726,0.07010684907436371,-0.005645644385367632,-0.037599749863147736,0.01833362504839897,-0.05044936388731003,0.037012454122304916,-0.0007353043183684349,-0.12204999476671219,-0.015119479037821293,0.06244819983839989,0.012615518644452095,-0.022890359163284302,-0.07564640045166016,-0.061770930886268616,0.053174085915088654,0.05999934673309326,0.2112070769071579,0.02905377186834812,-0.025726433843374252,0.009891875088214874,0.01805204153060913,0.04302326962351799,0.02627262845635414
0.016514495015144348,-0.006661891937255859,-0.1718754768371582,0.026508402079343796,0.042786866426467896,-0.0053689018823206425,-0.050531867891550064,-0.024243101477622986,-0.07205658406019211,0.007319798693060875,-0.002053220756351948,-0.03199917450547218,0.04872167110443115,0.03164315223693848,-0.0065454537980258465,-0.05199112370610237,-0.07093830406665802,-0.03287362679839134,0.053884342312812805,0.10635580122470856,0.17494343221187592,0.03689572960138321,0.042298704385757446,0.01812823861837387,0.06217396259307861,0.0394560806453228,-0.001180785708129406
0.015461468137800694,0.0027537757996469736,-0.22710514068603516,0.044559285044670105,0.029566805809736252,-0.008370938710868359,-0.038013067096471786,-0.006026202347129583,-0.09343872219324112,-0.014282562769949436,-0.12002592533826828,-0.033102069050073624,-0.019739069044589996,-0.008465494029223919,-0.006773530971258879,-0.10281436890363693,-0.1214706301689148,-0.0135846808552742,0.009272806346416473,0.17155931890010834,0.3064987063407898,0.08538231998682022,0.15540380775928497,0.007574885617941618,0.027396174147725105,0.024402562528848648,-0.04932403564453125
0.017320167273283005,-0.003281116485595703,-0.22817182540893555,0.0759335607290268,0.02897251769900322,-0.020191295072436333,-0.001224228646606207,-0.0068684834986925125,-0.0987701267004013,-0.05406283587217331,-0.16891908645629883,-0.020796654745936394,-0.07891291379928589,0.01582389511168003,0.0909326821565628,-0.08240731805562973,-0.034630659967660904,-0.019238749518990517,0.026017161086201668,0.17412787675857544,0.16237057745456696,0.06789824366569519,0.08491706848144531,0.011245244182646275,0.052172936499118805,0.0017372708534821868,-0.042721983045339584
0.015326853841543198,0.006749212741851807,-0.2057933807373047,0.07669200003147125,0.11913318186998367,-0.028221413493156433,0.04623299092054367,-0.02933720126748085,-0.06977833062410355,-0.07240968197584152,-0.0068090083077549934,-0.02766120433807373,-0.04325859248638153,0.033137835562229156,0.13506241142749786,-0.07291636615991592,-0.09161984920501709,-0.02032252959907055,0.09615147858858109,0.1652916520833969,0.059908427298069,0.054154422134160995,-0.034501634538173676,0.01931757666170597,0.04457080736756325,-0.006086720619350672,0.13566716015338898
0.008930872194468975,0.016894608736038208,-0.17871713638305664,0.07434355467557907,0.11992538720369339,-0.029239807277917862,0.01046765223145485,-0.05845033749938011,-0.0723990648984909,-0.085305355489254,-0.0881330594420433,-0.0062067825347185135,0.030116230249404907,0.058362580835819244,0.14486590027809143,-0.04144769161939621,-0.05983259901404381,-0.018229642882943153,0.10018197447061539,0.12078941613435745,0.019287046045064926,0.0010360394371673465,-0.07273761183023453,-0.00314544839784503,-0.04951007664203644,0.05203158035874367,0.1456717550754547
0.01044374704360962,0.029814444482326508,-0.17681598663330078,0.07539520412683487,0.08655349165201187,-0.030395803973078728,0.035479359328746796,-0.060327380895614624,-0.0668887048959732,-0.09367111325263977,-0.05931175872683525,-0.011858329176902771,0.2887769639492035,0.061363447457551956,-0.015758192166686058,-0.043656665831804276,-0.11470884084701538,-0.006554487626999617,0.0798918753862381,0.10185356438159943,0.22948314249515533,-0.005201681982725859,0.04365166276693344,0.0016880618641152978,0.029315225780010223,0.0555204413831234,0.1404624879360199
0.014032414183020592,0.041463300585746765,-0.17358684539794922,0.0771680548787117,0.08151540160179138,-0.03328206017613411,0.016620583832263947,-0.06322554498910904,-0.044432878494262695,-0.09790156036615372,-0.018071334809064865,-0.021085800603032112,0.3083806037902832,0.06291071325540543,-0.1408531665802002,-0.04686127230525017,-0.20213839411735535,0.002404742408543825,0.07335494458675385,0.09573821723461151,0.3402816951274872,-0.0002755603345576674,0.16714733839035034,0.0047568450681865215,0.040144432336091995,0.046395882964134216,0.1182570606470108
0.03694947808980942,0.07366862148046494,-0.19836902618408203,0.022935429587960243,0.03140049800276756,-0.04468720778822899,0.05273987352848053,-0.0342227928340435,-0.03719993308186531,-0.055049147456884384,0.06051444262266159,0.0021778414957225323,0.26053017377853394,-0.025065721943974495,-0.17675137519836426,-0.14665567874908447,-0.1952233463525772,0.013065297156572342,0.04125550016760826,0.1744668334722519,0.34954938292503357,0.10669411718845367,0.21206316351890564,0.00842570886015892,0.10386653244495392,0.023314500227570534,0.051785245537757874
0.06460914760828018,0.059067051857709885,-0.21019315719604492,0.01438088994473219,-0.01980503275990486,-0.06070595607161522,0.00407020328566432,-0.020189983770251274,-0.05001223459839821,-0.025590114295482635,-0.0724208801984787,0.05205575004220009,0.0099303238093853,-0.0641084760427475,-0.12014023959636688,-0.16054034233093262,-0.12001320719718933,0.01537870243191719,0.027226213365793228,0.23362140357494354,0.24020551145076752,0.14207760989665985,0.1556665599346161,0.033206354826688766,0.00017101317644119263,0.02210618369281292,-0.07157611846923828
0.07126235216856003,0.03848088160157204,-0.193145751953125,0.015279113315045834,-0.035277895629405975,-0.04531681165099144,0.04747258126735687,-0.018114319071173668,-0.016281064599752426,-0.02396509051322937,-0.08989701420068741,0.05729690566658974,-0.022151537239551544,-0.07625780999660492,-0.06083906069397926,-0.11990702152252197,-0.06304508447647095,0.016408804804086685,0.005850545130670071,0.20043131709098816,0.084395632147789,0.09711887687444687,0.04068779945373535,0.006149482913315296,-0.052830372005701065,-0.03730034828186035,-0.12842735648155212
0.05938678979873657,0.03314445540308952,-0.1656627655029297,-0.02547699771821499,-0.0066521307453513145,0.0031540952622890472,0.05710388347506523,0.01118991058319807,0.03980103135108948,0.023145584389567375,0.09289000183343887,0.0017850322183221579,-0.033647019416093826,-0.07630966603755951,-0.07545936852693558,-0.10448233038187027,-0.1307096779346466,0.022244835272431374,-0.007296618074178696,0.08968053013086319,-0.03098941035568714,0.0685526579618454,0.01920321211218834,-0.04409123957157135,-0.106813445687294,-0.02764315716922283,-0.0005275392904877663
0.05190642178058624,0.023189419880509377,-0.13802051544189453,-0.05398108810186386,-0.09527421742677689,0.0390508696436882,0.032660387456417084,0.01900342106819153,0.03065362386405468,0.057829346507787704,0.08185651153326035,-0.040673185139894485,-0.0804024189710617,-0.0963270291686058,-0.12537331879138947,-0.12460202723741531,-0.13355860114097595,0.03313901647925377,-0.11817692965269089,0.042290009558200836,0.059935323894023895,0.13833960890769958,0.1499297022819519,-0.06704091280698776,-0.12464068830013275,-0.0458851158618927,-0.05586392432451248
0.04522893950343132,0.000693047943059355,-0.09851646423339844,-0.05806524679064751,-0.03212272375822067,0.054770421236753464,-0.021126486361026764,0.008371570147573948,0.06885554641485214,0.07439469546079636,0.06602518260478973,-0.05278120934963226,-0.16663214564323425,-0.09589190781116486,-0.009803982451558113,-0.11302555352449417,-0.11875143647193909,0.03405074402689934,-0.11116507649421692,-0.004225961398333311,0.0360686257481575,0.18194016814231873,0.04765943065285683,-0.06972017139196396,-0.10870763659477234,-0.07063093781471252,-0.02624838799238205
0.0325595997273922,-0.01347970962524414,-0.0887761116027832,-0.04416771978139877,-0.011308367364108562,0.05899788811802864,0.01426803506910801,0.005354413762688637,0.13149553537368774,0.09199408441781998,0.06771721690893173,-0.048975054174661636,-0.10735602676868439,-0.050791867077350616,0.1172860860824585,-0.07066325098276138,-0.04676338657736778,0.04238549992442131,-0.11308593302965164,-0.016740508377552032,-0.09195666015148163,0.16250813007354736,-0.06665513664484024,-0.07883010059595108,-0.03462133929133415,-0.07796339690685272,-0.04428575932979584
0.01852465607225895,0.009867561981081963,-0.08549118041992188,-0.04738810285925865,-0.07080958038568497,0.057695820927619934,-0.0218515545129776,0.02374677173793316,0.10109547525644302,0.08452098816633224,0.06194709241390228,-0.06965550035238266,-0.12074865400791168,-0.0027806591242551804,0.0928698182106018,-0.03759599104523659,0.011995237320661545,0.04633229598402977,-0.07014365494251251,-0.01859288476407528,-0.09389961510896683,0.08365657180547714,-0.06702640652656555,-0.05659342557191849,0.004881018772721291,-0.06814473122358322,-0.12071294337511063
0.010665147565305233,0.04954959824681282,-0.08011198043823242,-0.09597797691822052,-0.12704536318778992,0.046094536781311035,0.016560697928071022,0.04505159333348274,0.04276618734002113,0.12243320792913437,0.17341013252735138,-0.020104898139834404,0.045509789139032364,-0.0437127947807312,-0.10056673735380173,-0.04502551257610321,-0.017338495701551437,0.03984329476952553,-0.03595440089702606,-0.020738665014505386,0.02450459636747837,0.04138554260134697,0.07226347178220749,-0.04250374063849449,0.06960640847682953,-0.05221816152334213,-0.11485476046800613
0.004144258797168732,0.0644436702132225,-0.10420703887939453,-0.07310626655817032,-0.04261489585042,0.015370205976068974,-0.07610414922237396,0.019723722711205482,-0.0052991812117397785,0.10120286792516708,0.10555646568536758,-0.05263329669833183,-0.05847674235701561,-0.04936686530709267,-0.06326667219400406,-0.04070088639855385,-0.06148228421807289,0.04000084102153778,0.002941971644759178,0.009293799288570881,0.0696459710597992,0.020687952637672424,-0.02423141524195671,-0.0444788858294487,-0.019511640071868896,-0.05748949199914932,-0.1281927525997162
-0.013104438781738281,0.08263030648231506,-0.1248636245727539,-0.06347164511680603,-0.029904399067163467,0.0007029747357591987,-0.03952448070049286,0.007199279498308897,0.0016036932356655598,0.08168236911296844,0.07742809504270554,-0.0652599111199379,0.07474027574062347,-0.005848861765116453,0.03007359616458416,-0.035213638097047806,0.000448775477707386,0.05079956352710724,0.008116861805319786,0.02759592980146408,-0.01967000402510166,-0.014396690763533115,-0.05699945241212845,-0.03033365122973919,0.11467459797859192,-0.06769939512014389,-0.15849125385284424
-0.03699684143066406,0.08126014471054077,-0.12490701675415039,-0.05273645743727684,0.0252152718603611,0.009572573937475681,0.10818719863891602,0.0032070192974060774,-0.010521175339818,0.07800179719924927,0.12794455885887146,-0.06421962380409241,0.04933665320277214,0.02840474806725979,0.07269226014614105,-0.014000935479998589,-0.011279378086328506,0.06363574415445328,-0.0008934251964092255,0.022152366116642952,-0.07203128933906555,-0.04664891958236694,-0.05596362054347992,0.008020618930459023,0.15409162640571594,-0.05501402169466019,-0.10062173753976822
-0.05942344665527344,0.06247343122959137,-0.11137628555297852,-0.022561298683285713,0.050048574805259705,0.02036179043352604,0.09753753989934921,-0.0070140911266207695,-0.0021414528600871563,0.06779389083385468,0.05464271456003189,-0.07545052468776703,-0.14124326407909393,0.061718787997961044,0.20435036718845367,0.028131740167737007,0.07019595056772232,0.06802405416965485,0.022115791216492653,-0.03560524433851242,-0.2186867892742157,-0.08571366220712662,-0.17528995871543884,0.033160530030727386,0.05214202031493187,-0.0762975737452507,-0.10712902992963791
-0.07086706161499023,0.045085832476615906,-0.10625600814819336,0.026866046711802483,0.06703688949346542,0.01373264379799366,0.0867367833852768,-0.0035074336919933558,0.007290784735232592,0.02649032138288021,0.00331320334225893,-0.10246402770280838,-0.06570339947938919,0.13656768202781677,0.2626781165599823,0.07008234411478043,0.06804026663303375,0.05415402352809906,0.04289723187685013,-0.11679953336715698,-0.17544512450695038,-0.14245064556598663,-0.17700061202049255,0.05776462331414223,0.06973950564861298,-0.056448519229888916,-0.04791577160358429
-0.05790376663208008,0.04403352364897728,-0.12266397476196289,0.04763055965304375,0.034710872918367386,-0.010277727618813515,0.039468247443437576,0.01776190847158432,-0.0195876844227314,-0.0025939750485122204,-0.06797635555267334,-0.09413852542638779,-0.013868038542568684,0.14902906119823456,0.16987024247646332,0.05450158193707466,0.04174022376537323,0.027807826176285744,0.03344643488526344,-0.10222963988780975,0.032420266419649124,-0.13658514618873596,-0.06969090551137924,0.0552532784640789,0.05453687161207199,-0.03819703310728073,-0.02355647087097168
-0.04978799819946289,0.048055484890937805,-0.13327550888061523,0.04813762754201889,0.04354351386427879,-0.021433763206005096,-0.006625648587942123,0.026313694193959236,-0.06832276284694672,-0.014084676280617714,-0.012860932387411594,-0.08565769344568253,0.018567878752946854,0.11633364111185074,0.061930764466524124,0.01922079734504223,-0.02530740201473236,0.02022152952849865,0.08846250921487808,-0.04060295224189758,0.22576427459716797,-0.09792614728212357,0.043412044644355774,0.04892481490969658,0.12133803963661194,-0.0061106146313250065,0.018713276833295822
-0.04464006423950195,0.04244925081729889,-0.13776540756225586,0.04963657632470131,0.09786392003297806,-0.027787765488028526,0.0583723820745945,0.011139439418911934,-0.1063304916024208,-0.021502181887626648,0.012898094952106476,-0.06952236592769623,0.08782549202442169,0.07418641448020935,0.04264640435576439,-0.022871771827340126,-0.08451753854751587,0.032581131905317307,0.1283533126115799,0.05049775913357735,0.20459946990013123,-0.030981890857219696,0.046273015439510345,0.04676426202058792,0.08833429217338562,0.024828128516674042,0.04306912422180176
-0.029139995574951172,0.0327996127307415,-0.12388420104980469,0.06360731273889542,0.11332906037569046,-0.04683483764529228,0.0945797935128212,-0.0022324391175061464,-0.13302454352378845,-0.0537666454911232,-0.11367731541395187,-0.04211624339222908,0.028168171644210815,0.07498721778392792,0.026241065934300423,-0.05538128688931465,-0.14005155861377716,0.05408398061990738,0.13204649090766907,0.1577044576406479,0.2641738951206207,0.0301143117249012,0.06029494106769562,0.04143711179494858,0.0004275776445865631,0.006162712350487709,-0.018642567098140717
-0.012108802795410156,0.02889236994087696,-0.08518600463867188,0.063739113509655,0.11196299642324448,-0.06353211402893066,0.06718447059392929,-0.03788898140192032,-0.10706589370965958,-0.08171090483665466,-0.1068156287074089,-0.007763216737657785,0.0666603147983551,0.06758241355419159,-0.016038555651903152,-0.07877232879400253,-0.17011243104934692,0.07719460129737854,0.12495958805084229,0.2240733504295349,0.29026341438293457,0.06280148029327393,0.08022461831569672,0.03671244904398918,0.015655649825930595,-0.0021544641349464655,-0.007725070230662823
0.003584064543247223,0.025159737095236778,-0.052153587341308594,0.05896236002445221,0.09149778634309769,-0.07388803362846375,0.038965605199337006,-0.06637783348560333,-0.058549899607896805,-0.09111338108778,-0.11776041984558105,0.01157095842063427,-0.02874569594860077,0.058075908571481705,0.06521192193031311,-0.08666064590215683,-0.1347481906414032,0.08426585793495178,0.06761756539344788,0.2124076783657074,0.15550163388252258,0.04106063023209572,-0.016558388248085976,-0.02238105610013008,-0.09560179710388184,-0.02185891941189766,-0.04683848097920418
0.012250162661075592,0.01117649581283331,-0.004022121429443359,0.0766744390130043,0.007135193794965744,-0.07969608157873154,-0.020293133333325386,-0.08053025603294373,-0.010267907753586769,-0.10746228694915771,-0.20804570615291595,0.011010612361133099,-0.04537102207541466,0.08948349952697754,0.1653965562582016,-0.05227859690785408,-0.0064967237412929535,0.07267087697982788,-0.034513913094997406,0.1410071849822998,0.03766147047281265,0.032029543071985245,-0.048335835337638855,-0.04940072447061539,-0.15255515277385712,-0.057463157922029495,-0.1120416596531868
0.015863101929426193,0.03920591250061989,0.06353231519460678,0.054320964962244034,0.06507305055856705,-0.07423893362283707,0.05242549628019333,-0.055170148611068726,0.01617908850312233,-0.1353226602077484,-0.04255012422800064,0.006094340700656176,0.1436888724565506,0.10961329191923141,0.048904452472925186,-0.035387687385082245,-0.1529214084148407,0.056430328637361526,-0.011351464316248894,0.07927954196929932,0.14003904163837433,0.0007255251985043287,0.029528489336371422,-0.09731467813253403,-0.060121823102235794,-0.06200353428721428,0.07594646513462067
0.020345939323306084,0.07807217538356781,0.11258798092603683,0.009362847544252872,0.06608887761831284,-0.06208834797143936,0.049491044133901596,-0.006793331354856491,0.03522481396794319,-0.12494507431983948,0.09134825319051743,0.04508202522993088,0.2629517614841461,0.10175775736570358,-0.020742882043123245,-0.05005025118589401,-0.18747124075889587,0.04950489476323128,0.02778784930706024,0.05935748666524887,0.10163918137550354,-0.010203917510807514,0.028240608051419258,-0.09040512889623642,0.025132562965154648,-0.03149126097559929,0.1344326287508011
0.03549455478787422,0.09726234525442123,0.14161251485347748,-0.009540975093841553,0.009457134641706944,-0.06462552398443222,-0.03388069570064545,-0.01023672241717577,0.012023821473121643,-0.11598894745111465,0.028828613460063934,0.048018764704465866,0.301661878824234,0.043287619948387146,-0.10626654326915741,-0.06973738223314285,-0.18052691221237183,0.03465051203966141,-0.021794190630316734,0.07696586102247238,0.19142666459083557,0.012937198393046856,0.09858366847038269,-0.058432213962078094,0.07316863536834717,-0.017365261912345886,0.005422166548669338
0.06615345925092697,0.10745389014482498,0.1540856659412384,-0.04894835501909256,-0.00949572678655386,-0.08421081304550171,-0.0005433498881757259,-0.010359586216509342,0.01921517215669155,-0.07574716210365295,0.07471271604299545,0.058521684259176254,0.3502563536167145,-0.0035497944336384535,-0.16662076115608215,-0.10851842910051346,-0.15221071243286133,0.014279925264418125,0.013645202852785587,0.09487377852201462,0.15012016892433167,0.060202162712812424,0.09910528361797333,-0.046409714967012405,0.11685234308242798,-0.05457685887813568,-0.011218233965337276
0.08998851478099823,0.0868745818734169,0.13889643549919128,-0.057679157704114914,-0.08117488771677017,-0.09305470436811447,-0.052386343479156494,0.009012982249259949,0.04664720222353935,-0.04824354872107506,0.00923857744783163,0.12033435702323914,0.12414578348398209,-0.026087382808327675,-0.12960582971572876,-0.10599319636821747,-0.0705455094575882,0.0036626134533435106,-0.03496871888637543,0.11357642710208893,0.041986133903265,0.06716560572385788,0.073093943297863,-0.015281000174582005,0.0358378142118454,-0.05875860154628754,-0.13375523686408997
0.08677946776151657,0.04353996738791466,0.1552206575870514,-0.054481081664562225,-0.11408645659685135,-0.06891752779483795,-0.07672593742609024,0.03083040937781334,0.06484796851873398,0.001591443782672286,-0.02413678541779518,-0.08320201188325882,-0.18851719796657562,-0.013143929652869701,-0.0008456981740891933,-0.019569873809814453,0.04967296123504639,-0.006952926050871611,-0.05505403131246567,-0.005925116129219532,-0.1251528561115265,-0.017041504383087158,-0.06852947175502777,-0.011607915163040161,-0.04082879424095154,-0.14602209627628326,-0.2448888123035431
0.08304914832115173,0.019212154671549797,0.1898520588874817,-0.09473814070224762,-0.04619026556611061,-0.03852134570479393,0.023502467200160027,0.07438058406114578,0.09730120748281479,0.064666248857975,0.15321709215641022,-0.16389405727386475,-0.19137296080589294,0.006583619397133589,0.026087069883942604,0.02034149505198002,-0.020327124744653702,-0.010591194033622742,-0.0837549939751625,-0.10328733175992966,-0.1759287714958191,-0.035339973866939545,-0.08464226126670837,-0.025216002017259598,-0.045215703547000885,-0.13438983261585236,-0.12492258101701736
0.0863824412226677,-0.006299495697021484,0.19393441081047058,-0.0918332040309906,-0.03102349117398262,-0.02322685718536377,-0.06190768629312515,0.09236285835504532,0.09266284853219986,0.08148451149463654,0.1167033389210701,-0.2006276547908783,-0.22267776727676392,0.056853633373975754,0.10875483602285385,0.026364151388406754,-0.041591908782720566,-0.01448371633887291,-0.09262599796056747,-0.11890647560358047,-0.1254759430885315,-0.005054090637713671,-0.05471879243850708,-0.025245770812034607,-0.021619901061058044,-0.09824292361736298,-0.0986815020442009
0.07437777519226074,-0.017394065856933594,0.1839202344417572,-0.0844961479306221,-0.058232977986335754,-0.00018834824732039124,-0.030159316956996918,0.08550912141799927,0.08014101535081863,0.08119063079357147,0.06823479384183884,-0.18750664591789246,-0.15234984457492828,0.08257052302360535,0.15845181047916412,0.02231416665017605,-0.01420871913433075,0.011614643037319183,-0.0854402631521225,-0.11599507182836533,-0.02656022645533085,0.009626624174416065,-0.031552717089653015,-0.02552788518369198,0.09361384809017181,-0.11312613636255264,-0.12135904282331467
0.05742209404706955,-0.02947711944580078,0.15336646139621735,-0.05222862958908081,-0.03014320880174637,0.023335646837949753,0.05022475868463516,0.08189027011394501,0.0659288614988327,0.0448019839823246,0.03705490753054619,-0.10227859765291214,-0.08793996274471283,0.11389682441949844,0.13761310279369354,0.04386412724852562,0.0384979322552681,0.04673174396157265,-0.06683481484651566,-0.09310346841812134,-0.053176745772361755,-0.03094867616891861,-0.06393776088953018,0.007147581782191992,0.07990676164627075,-0.12412000447511673,-0.12517133355140686
0.05390304699540138,-0.045642852783203125,0.12749944627285004,-0.02618836797773838,-0.051561690866947174,0.01944245770573616,-0.09437794238328934,0.058043841272592545,0.010970717296004295,0.04240939021110535,-0.023308537900447845,-0.1254461109638214,-0.2093549370765686,0.0997842326760292,0.09557201713323593,0.06669966131448746,0.09170800447463989,0.06027104705572128,0.010913945734500885,-0.07019076496362686,-0.027838362380862236,-0.05570674315094948,-0.080427385866642,0.0275748148560524,0.04386056214570999,-0.12823601067066193,-0.16001354157924652
0.06961521506309509,-0.03399467468261719,0.08577887713909149,-0.010844657197594643,-0.002625725232064724,-0.01823454536497593,-0.0927109643816948,0.015051388181746006,-0.06276915967464447,0.018926775082945824,-0.016604412347078323,-0.1616746336221695,-0.20653098821640015,0.09443190693855286,0.08933280408382416,0.0363156758248806,-0.007251642644405365,0.0560571551322937,0.09074044227600098,-0.012561065144836903,0.1302926242351532,-0.04094869643449783,-0.028265299275517464,0.038519129157066345,0.0844653993844986,-0.1270350068807602,-0.1214536800980568
0.07847286760807037,-0.015975475311279297,0.03937491774559021,0.006233300548046827,-0.013066635467112064,-0.04733499884605408,-0.04112736135721207,-0.026832057163119316,-0.06824763119220734,-0.030066270381212234,-0.07183532416820526,-0.13727697730064392,-0.13497193157672882,0.09818413108587265,0.1081869900226593,0.0057066031731665134,0.019124865531921387,0.06068580970168114,0.03370750695466995,0.034341588616371155,0.096663698554039,-0.034363675862550735,-0.04251682013273239,0.05057670548558235,0.043293703347444534,-0.13354648649692535,-0.17719721794128418
0.07589216530323029,-0.011173248291015625,0.012616416439414024,0.03548495098948479,0.06416147202253342,-0.055604662746191025,-0.012225992977619171,-0.04942140355706215,-0.07826459407806396,-0.09048497676849365,-0.1207033321261406,-0.038104347884655,-0.020257197320461273,0.14985689520835876,0.192637637257576,0.006838597822934389,-0.013128586113452911,0.07166475802659988,0.02761940285563469,0.049600258469581604,0.03253161907196045,-0.0443793423473835,-0.0832858756184578,0.05734948068857193,0.027716975659132004,-0.13181273639202118,-0.1169772520661354
0.04240657761693001,-0.01196146011352539,-0.004528999328613281,0.035634495317935944,0.12236612290143967,-0.012534420937299728,0.12530703842639923,-0.05872414633631706,-0.09625373035669327,-0.07824794948101044,-0.020783189684152603,0.05660026893019676,0.1706714928150177,0.13153871893882751,0.17385132610797882,0.004828420002013445,-0.06812421977519989,0.10921511054039001,0.06756095588207245,0.054129160940647125,0.010670250281691551,-0.04333058372139931,-0.07383115589618683,0.06291919946670532,0.11220152676105499,-0.07939250767230988,0.01957649737596512
0.024019062519073486,-0.014630317687988281,-0.013926029205322266,0.04222102835774422,0.09471072256565094,0.017858071252703667,0.04981757700443268,-0.05665634945034981,-0.09811077266931534,-0.0815417692065239,-0.22419686615467072,0.051099155098199844,-0.04145748168230057,0.1035618931055069,0.18720325827598572,-0.0043735443614423275,-0.010592881590127945,0.11702432483434677,0.044236816465854645,0.03299766778945923,-0.010706024244427681,-0.048902951180934906,-0.08480347692966461,0.07856649905443192,-0.02552526816725731,-0.029011603444814682,-0.04822207987308502
0.03192857280373573,-0.025821685791015625,-0.025972366333007812,0.06084457412362099,0.07782715559005737,0.015310052782297134,-0.05934998020529747,-0.04448728263378143,-0.06675435602664948,-0.1006772443652153,-0.24816058576107025,0.0710826963186264,0.023326866328716278,0.10101060569286346,0.13925175368785858,-0.013593834824860096,-0.012811888009309769,0.09811538457870483,0.08785174041986465,0.03535553067922592,0.13222813606262207,-0.04951795935630798,-0.0516829751431942,0.09211451560258865,0.07353335618972778,-0.00950983539223671,-0.010595179162919521
0.04383819177746773,-0.02768707275390625,-0.04944276809692383,0.0800744965672493,0.061169326305389404,0.004082405008375645,-0.12098874151706696,-0.05926147475838661,-0.08211273699998856,-0.1307857632637024,-0.21590837836265564,0.06945077329874039,-0.0011150231584906578,0.0795905813574791,0.013065533712506294,-0.05985662713646889,-0.09437344968318939,0.09812264144420624,0.12192175537347794,0.0999613106250763,0.3134984076023102,0.015586643479764462,0.07416409254074097,0.07736015319824219,0.011809531599283218,0.002314687240868807,0.06054883450269699
0.060074333101511,-0.024712562561035156,-0.07481145858764648,0.08763227611780167,0.020961709320545197,-0.014451884664595127,-0.05801544710993767,-0.08628860116004944,-0.1440192013978958,-0.1383056938648224,-0.19934169948101044,0.06703006476163864,0.041373055428266525,0.006168975029140711,-0.08245580643415451,-0.11663507670164108,-0.11271935701370239,0.10785355418920517,0.11247126013040543,0.19130775332450867,0.3876875340938568,0.1056385412812233,0.2186177372932434,0.055960558354854584,0.019476041197776794,0.016879945993423462,0.06276076287031174
0.07107314467430115,-0.008879661560058594,-0.10007047653198242,0.0665741041302681,0.032641783356666565,-0.027179786935448647,-0.04490695521235466,-0.09048675745725632,-0.09684047847986221,-0.11503773927688599,-0.12254882603883743,0.052201658487319946,0.04720984771847725,-0.0627630278468132,-0.10543372482061386,-0.19011732935905457,-0.19585373997688293,0.11888168007135391,0.08984395116567612,0.24192319810390472,0.36916133761405945,0.2066488116979599,0.18713369965553284,0.004659615457057953,-0.06474912166595459,0.03720039874315262,0.09799261391162872
0.0863758772611618,0.004270844627171755,-0.10621070861816406,0.0594504214823246,0.025113027542829514,-0.042621251195669174,-0.010828299447894096,-0.08003230392932892,-0.061301764100790024,-0.12391284108161926,-0.13986535370349884,0.057331833988428116,0.14580056071281433,-0.071775421500206,-0.12922069430351257,-0.21364158391952515,-0.21030721068382263,0.11090001463890076,0.03412352502346039,0.25801941752433777,0.31407368183135986,0.2338034063577652,0.18220534920692444,-0.020731354132294655,-0.07512646913528442,0.020147884264588356,0.025574326515197754
0.0959300771355629,0.018718121573328972,-0.09857034683227539,0.04676714539527893,-0.0197044238448143,-0.05510689318180084,-0.10558174550533295,-0.08434277772903442,-0.005490884650498629,-0.13554596900939941,-0.059338416904211044,0.07483800500631332,0.07722541689872742,-0.08576326072216034,-0.13481257855892181,-0.2223668396472931,-0.21096141636371613,0.09580792486667633,-0.041126370429992676,0.2592034339904785,0.27073895931243896,0.22881446778774261,0.17085781693458557,-0.02783692255616188,-0.05874326452612877,0.009326773695647717,0.0220339298248291
0.09459464997053146,0.02436193823814392,-0.09019851684570312,0.031832005828619,-0.030921190977096558,-0.05549880489706993,-0.08029323071241379,-0.07471977919340134,0.015616713091731071,-0.12379501014947891,-0.051628511399030685,0.07684454321861267,-0.021319061517715454,-0.09463213384151459,-0.09547701478004456,-0.21931040287017822,-0.20151248574256897,0.08779618889093399,-0.07611032575368881,0.2546069920063019,0.23643772304058075,0.22161291539669037,0.16466127336025238,-0.03816545382142067,-0.09794194996356964,0.005796532612293959,0.008051550947129726
0.07936272770166397,0.02120641991496086,-0.06522226333618164,0.011637766845524311,-0.05987973511219025,-0.0412386991083622,-0.022108517587184906,-0.043896254152059555,0.04946064203977585,-0.09258221834897995,-0.035802677273750305,0.06029094383120537,-0.0343443863093853,-0.09154336899518967,-0.03803561255335808,-0.1985616385936737,-0.11380252242088318,0.08321313560009003,-0.09924166649580002,0.22769850492477417,0.10371854901313782,0.2021690160036087,0.11583416163921356,-0.034395139664411545,-0.04517750069499016,-0.0016063739312812686,-0.008990808390080929
0.03949708864092827,-0.002071857452392578,0.002095272298902273,-0.03534500673413277,-0.007286564446985722,-0.0038628391921520233,-0.009486841037869453,0.007883218117058277,0.08407793194055557,0.02304975502192974,0.11122792214155197,0.020442428067326546,0.022470582276582718,-0.06802517175674438,-0.06853692978620529,-0.13736678659915924,-0.16217933595180511,0.07404014468193054,-0.05407676100730896,0.13778363168239594,0.02335706166923046,0.1576022058725357,0.056238360702991486,-0.010799765586853027,-0.02138252556324005,0.019229097291827202,0.09169002622365952
0.020463112741708755,-0.0077342987060546875,0.04397241398692131,-0.05503271147608757,0.021846678107976913,0.0002250274264952168,-0.0332527682185173,0.02971724048256874,0.06744211912155151,0.07624361664056778,0.15489526093006134,-0.014781838282942772,-0.046159859746694565,-0.057038117200136185,-0.11735393851995468,-0.11723126471042633,-0.2369164228439331,0.055780377238988876,-0.059726014733314514,0.09890476614236832,0.1221918910741806,0.16547861695289612,0.09497464448213577,-0.03695080056786537,-0.07489368319511414,0.061024609953165054,0.11594805121421814
0.025386812165379524,0.004771708976477385,0.05997568368911743,-0.07462482899427414,-0.06119310110807419,-0.030157964676618576,-0.13535921275615692,0.0450848750770092,0.07616296410560608,0.11001560091972351,0.13310770690441132,-0.045261021703481674,-0.04898688942193985,-0.06566894054412842,-0.12517045438289642,-0.11647220700979233,-0.14393305778503418,0.019882047548890114,-0.07427439838647842,0.0779564380645752,0.07653488963842392,0.16339226067066193,0.10952994227409363,-0.05006595700979233,-0.03850410506129265,0.01575022004544735,0.013822714798152447
0.031247561797499657,0.021212756633758545,0.06819894909858704,-0.08960025757551193,-0.07321342080831528,-0.05935119837522507,-0.10961594432592392,0.05069933459162712,0.07836869359016418,0.11766229569911957,0.14084847271442413,-0.04855604097247124,0.0208338163793087,-0.07502003759145737,-0.16658517718315125,-0.11593499034643173,-0.13589823246002197,-0.010163672268390656,-0.06961507350206375,0.08135250210762024,0.1035522073507309,0.14963112771511078,0.09388008713722229,-0.05443369597196579,-0.0022976966574788094,0.00460430420935154,-0.05627291649580002
0.03198642656207085,0.0348319485783577,0.06455836445093155,-0.09572489559650421,-0.047683849930763245,-0.07499410212039948,-0.10269923508167267,0.05952252447605133,0.05724554508924484,0.11529473960399628,0.12012377381324768,-0.04930620267987251,-0.052013296633958817,-0.10599443316459656,-0.08076474815607071,-0.1121351346373558,-0.05010591819882393,-0.03313010558485985,-0.0038202907890081406,0.09256745129823685,0.025833703577518463,0.12515553832054138,-0.05798869580030441,-0.0505664125084877,0.015844449400901794,0.01251533254981041,-0.12580063939094543
0.02903721109032631,0.0432315468788147,0.05919618904590607,-0.09729847311973572,-0.05396882817149162,-0.0877891555428505,-0.07242805510759354,0.06866750866174698,0.004366076085716486,0.11153034120798111,0.10217461735010147,-0.051095686852931976,-0.051027894020080566,-0.12298522889614105,-0.05498046427965164,-0.10975190997123718,0.010549881495535374,-0.048771876841783524,0.023725643754005432,0.10209970921278,-0.013209085911512375,0.1083073541522026,-0.07193844020366669,-0.04673367366194725,0.04807916656136513,0.007417346350848675,-0.18873831629753113
0.01916028931736946,0.043960850685834885,0.05814999341964722,-0.09511610120534897,-0.005161194130778313,-0.0961352065205574,0.004801067057996988,0.07120539247989655,-0.00081237917765975,0.11176867038011551,0.07954093813896179,-0.05884074419736862,-0.13576611876487732,-0.12497527152299881,0.05767257139086723,-0.10259892046451569,0.010500641539692879,-0.056667305529117584,0.02048441953957081,0.10389470309019089,-0.04082726687192917,0.09643979370594025,-0.11940686404705048,-0.0438319556415081,0.04064369201660156,-0.0020444930996745825,-0.2028551995754242
-0.008225440979003906,0.03700348362326622,0.06483256071805954,-0.08144666254520416,0.015360995195806026,-0.09130048751831055,0.018310368061065674,0.06144680455327034,0.011965444311499596,0.10642441362142563,0.047980837523937225,-0.07469834387302399,-0.1885669231414795,-0.08964197337627411,0.15426550805568695,-0.07189901918172836,0.030071623623371124,-0.046260543167591095,0.0037397556006908417,0.08974631875753403,-0.07893967628479004,0.059990592300891876,-0.145905539393425,-0.033683739602565765,0.03635185584425926,-0.022037098184227943,-0.18381468951702118
-0.040497779846191406,0.020115867257118225,0.0693083256483078,-0.06238391250371933,0.041280269622802734,-0.08855760842561722,0.09354828298091888,0.05710046738386154,-0.024476610124111176,0.1130264475941658,0.07172773778438568,-0.08478494733572006,-0.14355751872062683,-0.017350729554891586,0.1526174694299698,-0.033240824937820435,0.012825526297092438,-0.029356030747294426,0.021827928721904755,0.0640253871679306,-0.08179964125156403,0.02128283865749836,-0.06268246471881866,-0.009792622178792953,0.0729532390832901,-0.044427625834941864,-0.1017725020647049
-0.07303047180175781,-0.006358146667480469,0.06503590196371078,-0.01781529001891613,0.03022400662302971,-0.08205847442150116,0.09909628331661224,0.06206291541457176,-0.014882970601320267,0.09782210737466812,-0.0028143199160695076,-0.08945830166339874,-0.15002399682998657,0.09208481758832932,0.18760107457637787,0.02034563012421131,0.05585632473230362,-0.013290607370436192,0.03013460896909237,-0.0011300011537969112,-0.08182469010353088,-0.03477105870842934,-0.09027956426143646,0.012089615687727928,0.008181806653738022,-0.07266483455896378,-0.09522643685340881
-0.08798027038574219,-0.021927356719970703,0.05766056478023529,0.03831293433904648,0.047121722251176834,-0.08287708461284637,0.05836775526404381,0.06788953393697739,0.0016877497546374798,0.038404252380132675,-0.08433697372674942,-0.06533073633909225,-0.019699059426784515,0.150373637676239,0.18172690272331238,0.06492870301008224,0.0814821720123291,-2.0535793737508357e-05,0.06124291568994522,-0.04299231991171837,-0.09116670489311218,-0.08087035268545151,-0.11378295719623566,0.009450802579522133,-0.013881169259548187,-0.08335787802934647,-0.09503423422574997
-0.09375810623168945,-0.0012278556823730469,0.05632865056395531,0.044511277228593826,0.06854015588760376,-0.07973761856555939,0.10943145304918289,0.06408575177192688,-0.01707773469388485,-0.003889157436788082,0.04684462398290634,-0.04986438900232315,0.13336624205112457,0.15017879009246826,0.08303315937519073,0.0586509183049202,0.005451761186122894,0.02039005421102047,0.11956411600112915,-0.06099247932434082,0.0023929961025714874,-0.09976305812597275,-0.052245721220970154,0.0064442954026162624,0.05479753389954567,-0.08179554343223572,-0.008343393914401531
-0.09789896011352539,0.019754761829972267,0.06533143669366837,0.03423476219177246,0.07320338487625122,-0.07434191554784775,0.1188323125243187,0.05069686099886894,-0.09987727552652359,-0.021310577169060707,0.024934209883213043,-0.04087277129292488,0.13464125990867615,0.14895741641521454,-0.05572090670466423,0.029812952503561974,-0.10585819184780121,0.05644384026527405,0.13351035118103027,-0.02398056723177433,0.21164384484291077,-0.06751645356416702,0.07720363885164261,0.007808777038007975,0.010754583403468132,-0.06627492606639862,0.0033982424065470695
-0.09059286117553711,0.03162957355380058,0.09515629708766937,0.027267275378108025,0.09632283449172974,-0.07460319250822067,0.19869805872440338,0.019308030605316162,-0.15165485441684723,-0.036330364644527435,-0.0003535347059369087,-0.026303661987185478,0.23234444856643677,0.11991160362958908,-0.10454020649194717,-0.0019673684146255255,-0.12009644508361816,0.097638800740242,0.15728145837783813,0.054097969084978104,0.2685166299343109,-0.00631852587684989,0.10310094058513641,0.03716408088803291,0.09236389398574829,-0.05013851076364517,-0.01635536178946495
-0.07108688354492188,0.0301546361297369,0.15068277716636658,0.021803613752126694,0.14537926018238068,-0.08730053156614304,0.2425689548254013,-0.029475625604391098,-0.09700468927621841,-0.04519875347614288,0.008057917468249798,0.017376042902469635,0.23238947987556458,0.09303949028253555,0.011714650318026543,-0.0025242147967219353,-0.12379145622253418,0.11999999731779099,0.15595398843288422,0.08590806275606155,0.12189899384975433,0.014519844204187393,-0.05348098278045654,0.05221957340836525,0.0824882984161377,-0.04115251451730728,-0.02102699503302574
-0.04661846160888672,0.022022776305675507,0.1912039816379547,0.02609141543507576,0.11602668464183807,-0.09312601387500763,0.1756048947572708,-0.05109505355358124,-0.02695312723517418,-0.05776138976216316,-0.08512233197689056,0.04680868238210678,0.14216867089271545,0.05968266725540161,0.11476656794548035,-0.002651889342814684,-0.04297666251659393,0.11999999731779099,0.05491521954536438,0.08398675173521042,-0.013738274574279785,0.00888983253389597,-0.14248144626617432,0.04892456531524658,-0.02611425146460533,-0.04061618074774742,-0.09510625153779984
-0.03202962875366211,0.015145956538617611,0.22982756793498993,0.036134518682956696,0.03672178462147713,-0.0685899555683136,0.08764223009347916,-0.016310036182403564,0.026677599176764488,-0.08533390611410141,-0.12254414707422256,0.058664385229349136,0.07198655605316162,0.09311521053314209,0.14458037912845612,0.018363939598202705,0.02999255061149597,0.10834358632564545,-0.029643652960658073,0.0060414220206439495,-0.08810614794492722,-0.058966174721717834,-0.12418858706951141,-0.03566118702292442,-0.11788228154182434,-0.08059238642454147,-0.13066956400871277
-0.014138221740722656,0.008619404397904873,0.25416088104248047,0.03304789960384369,-0.015101018361747265,-0.05453906208276749,0.049531690776348114,-0.009008358232676983,0.06916533410549164,-0.0849364772439003,-0.059894923120737076,0.04434758797287941,0.06996379047632217,0.06571847200393677,0.11191494017839432,0.003967185504734516,0.008308447897434235,0.09559900313615799,-0.06598755717277527,-0.03826672211289406,-0.06266351044178009,-0.05395083874464035,-0.05255036801099777,-0.02639741636812687,-0.10764874517917633,-0.08501756936311722,-0.10248708724975586
0.01850191131234169,0.014207226224243641,0.25357797741889954,0.005572707392275333,-0.038378529250621796,-0.06473124772310257,-0.05664706975221634,0.027001196518540382,0.07113301008939743,-0.044813234359025955,-0.05566786974668503,0.009171325713396072,-0.036813121289014816,0.05856946110725403,0.0630989596247673,-0.054450053721666336,-0.0752439945936203,0.07486454397439957,-0.07277946919202805,-0.03555082902312279,0.06145443767309189,0.03144575282931328,-0.0014370299177244306,-0.0266397874802351,-0.08627639710903168,-0.09377728402614594,-0.09635072201490402
0.041522588580846786,0.01876450888812542,0.253762811422348,0.0007265250897035003,-0.06681682914495468,-0.06873202323913574,-0.07084029167890549,0.047152742743492126,0.08012353628873825,-0.03181890398263931,0.03379302844405174,-0.005151835735887289,0.02210889756679535,0.05439146235585213,-0.013471899554133415,-0.07762254029512405,-0.09814631938934326,0.06341992318630219,-0.08275535702705383,-0.036630190908908844,0.06490959972143173,0.06686070561408997,0.0709155797958374,-0.010826199315488338,-0.00037955353036522865,-0.10968823730945587,-0.05476558953523636
0.04437331110239029,0.030726119875907898,0.2618301510810852,-0.01109534315764904,-0.06312360614538193,-0.0536445677280426,-0.02149079740047455,0.06158002093434334,0.08004806190729141,-0.020203132182359695,0.07501935213804245,-0.00610519852489233,0.03391363471746445,0.03876731917262077,-0.06706081330776215,-0.08673816919326782,-0.1111418604850769,0.06986537575721741,-0.10904674977064133,-0.04616763815283775,0.051491305232048035,0.08422160148620605,0.09774123877286911,-0.031825900077819824,-0.0057097068056464195,-0.1247372105717659,-0.0548400953412056
0.03177688270807266,0.04124872758984566,0.26599520444869995,-0.04874565452337265,-0.060625992715358734,-0.029052801430225372,-0.04252251982688904,0.060273781418800354,0.06138569861650467,0.05247291177511215,0.1212301179766655,-0.03230904042720795,-0.02680492028594017,-0.0038744837511330843,-0.061307404190301895,-0.08876209706068039,-0.07820658385753632,0.08611249923706055,-0.058614470064640045,-0.05476510897278786,0.00800454244017601,0.0884820744395256,0.07335011661052704,-0.04570389539003372,0.02877362258732319,-0.12034875899553299,-0.05420639365911484
0.02881072834134102,0.04534599930047989,0.2560666501522064,-0.052794501185417175,-0.07427837699651718,-0.022616541013121605,-0.006769775878638029,0.0683121457695961,0.06291230767965317,0.07544112205505371,0.046099647879600525,-0.046307362616062164,-0.050907887518405914,-0.012835799716413021,-0.0064374222420156,-0.08302377909421921,-0.021601170301437378,0.09083489328622818,-0.07554107159376144,-0.044896095991134644,-0.0465906485915184,0.08425120264291763,0.05595056712627411,-0.050183482468128204,0.04925056919455528,-0.11605233699083328,-0.12553487718105316
0.010216262191534042,0.042268604040145874,0.2697823941707611,-0.03427541255950928,-0.03302615135908127,-0.008259015157818794,-0.014720214530825615,0.07093474268913269,0.09351534396409988,0.05377299338579178,0.03272498399019241,-0.07603082805871964,-0.11423560976982117,0.04655591771006584,0.10601480305194855,-0.0239406768232584,0.018690073862671852,0.10512886196374893,-0.07180040329694748,-0.05883268266916275,-0.10996951162815094,-0.0009095038403756917,-0.08216041326522827,-0.022810162976384163,0.05274577438831329,-0.12587706744670868,-0.11164133250713348
-0.0012197494506835938,0.05209530517458916,0.2922692596912384,-0.04162254557013512,0.002599765546619892,-0.009722115471959114,-0.033444665372371674,0.07763765007257462,0.08810929208993912,0.04295523837208748,0.07714028656482697,-0.07612868398427963,-0.05886969342827797,0.07582802325487137,0.14452840387821198,0.000544840469956398,0.02023083157837391,0.10295739769935608,-0.0572701096534729,-0.07770359516143799,-0.12081396579742432,-0.048196569085121155,-0.09638329595327377,-0.01166333444416523,0.09672503173351288,-0.11470464617013931,-0.034628406167030334
-0.022412776947021484,0.04766396805644035,0.29694777727127075,-0.03366739675402641,0.03443823382258415,-0.009156724438071251,-0.0035321679897606373,0.06706436723470688,0.02806890569627285,0.05351198837161064,0.10469301789999008,-0.06861695647239685,-0.04161222651600838,0.11091379821300507,0.16313110291957855,0.03318925201892853,0.021542135626077652,0.1098470687866211,0.006381459534168243,-0.08180326223373413,-0.08718666434288025,-0.09362859278917313,-0.12501268088817596,0.009679031558334827,0.15210388600826263,-0.09823357313871384,-0.007626690901815891
-0.04331779479980469,0.045391786843538284,0.28197094798088074,-0.024991318583488464,0.003889319486916065,-0.012223690748214722,-0.0192840825766325,0.06211099401116371,0.015156267210841179,0.054524485021829605,-0.019339554011821747,-0.07886125147342682,0.015033342875540257,0.11778756231069565,0.15430329740047455,0.03674692288041115,0.05086325481534004,0.11367624253034592,0.013240013271570206,-0.06889339536428452,-0.03724263608455658,-0.10767380148172379,-0.13101735711097717,0.03342357650399208,0.13469956815242767,-0.08188873529434204,-0.07930852472782135
-0.04491138458251953,0.043563347309827805,0.25014856457710266,0.00685309711843729,0.05720757693052292,-0.03202661871910095,-0.03627019748091698,0.06997545808553696,-0.01473141461610794,-0.01635252870619297,-0.019048232585191727,-0.025454455986618996,0.16399511694908142,0.08920544385910034,0.04599384963512421,0.018236741423606873,0.0007365196943283081,0.09437676519155502,0.0756712257862091,-0.03263871744275093,0.07922409474849701,-0.10674166679382324,-0.08364085853099823,0.07609651237726212,0.19474837183952332,-0.04765696078538895,-0.04966576397418976
-0.044921875,0.02803855575621128,0.23831696808338165,0.014119074679911137,0.017499879002571106,-0.051441967487335205,-0.1303108185529709,0.05914236232638359,-0.06814088672399521,-0.03446197509765625,-0.01595596969127655,0.023109376430511475,-0.03793745115399361,0.09311079233884811,0.012109383940696716,0.00687550799921155,0.012096542865037918,0.07705716788768768,0.10227379947900772,-0.0017484445124864578,0.12811239063739777,-0.10155005753040314,-0.049235329031944275,0.12388430535793304,0.14390404522418976,-0.038768470287323,-0.07342541217803955
-0.03577470779418945,-0.005894184112548828,0.2173595130443573,0.059063129127025604,0.08862986415624619,-0.08593326061964035,-0.07552991062402725,0.02152637206017971,-0.12228232622146606,-0.05324214696884155,-0.1399792730808258,-0.09144703298807144,-0.23939739167690277,0.10518351942300797,0.09742046147584915,0.0005154606769792736,-0.03782917931675911,0.06927799433469772,0.1049548014998436,0.10282193869352341,0.1775079220533371,-0.05600086227059364,-0.04628276079893112,0.06234985217452049,0.014924749732017517,-0.05424734950065613,-0.06563528627157211
-0.024663448333740234,-0.020563125610351562,0.22302691638469696,0.07868524640798569,0.09014595299959183,-0.12000276893377304,-0.01840684935450554,0.013753634877502918,-0.05133173242211342,-0.058824535459280014,-0.1355736404657364,-0.14057815074920654,-0.2035534828901291,0.1379328966140747,0.22111816704273224,0.01243652030825615,0.019352180883288383,0.047181423753499985,0.08134935051202774,0.11380026489496231,0.015195922926068306,-0.07879858464002609,-0.1314101219177246,0.031853098422288895,-0.010954823344945908,-0.05961117893457413,-0.0571250393986702
-0.03222084045410156,-0.022396087646484375,0.2212374061346054,0.08413328230381012,0.11936086416244507,-0.12000366300344467,0.05071219429373741,0.014217644929885864,-0.05913800746202469,-0.07334303110837936,-0.12651370465755463,-0.130739226937294,-0.002309727482497692,0.14948220551013947,0.16464979946613312,-0.0006467940984293818,-0.0822296142578125,0.05723359063267708,0.07130216807126999,0.10148512572050095,0.10117103159427643,-0.08054359257221222,-0.037313416600227356,0.01673472858965397,-0.013422582298517227,-0.052090514451265335,0.01637861505150795
-0.04143190383911133,-0.02080678939819336,0.21764221787452698,0.08776813745498657,0.0999530628323555,-0.11315220594406128,0.05573641136288643,-0.006013055797666311,-0.09013121575117111,-0.09816744923591614,-0.11892163008451462,-0.05555550754070282,0.08951184898614883,0.14639753103256226,0.10750844329595566,-0.038496408611536026,-0.10560986399650574,0.08109934628009796,0.049489617347717285,0.11617594957351685,0.20012912154197693,-0.03469794988632202,0.06405329704284668,0.009912397712469101,0.002920811530202627,-0.016001421958208084,0.06726915389299393
-0.04614734649658203,-0.022691726684570312,0.21178285777568817,0.08418744802474976,0.1071576401591301,-0.10546275973320007,0.05172205716371536,-0.02965489774942398,-0.09024625271558762,-0.10441646724939346,-0.11862041801214218,0.04817293956875801,0.1439022719860077,0.12980163097381592,0.0587642528116703,-0.09184234589338303,-0.15732553601264954,0.11207915097475052,0.05322401970624924,0.17548824846744537,0.2843201458454132,0.053695786744356155,0.1260516494512558,0.008602377027273178,0.0064318180084228516,0.0442398302257061,0.10768807679414749
-0.030493736267089844,-0.030065059661865234,0.2051638662815094,0.09873330593109131,0.1050717905163765,-0.1200101301074028,0.05156765133142471,-0.01553850807249546,-0.04575198143720627,-0.11075092107057571,-0.1762830764055252,0.04629185423254967,0.06533823162317276,0.14529281854629517,0.09331177175045013,-0.10411344468593597,-0.13170726597309113,0.11120002716779709,0.06048276275396347,0.21248187124729156,0.22343873977661133,0.07518724352121353,0.08787424117326736,0.016850149258971214,0.0052351877093315125,0.052954889833927155,0.057693108916282654
-0.020603656768798828,-0.019483089447021484,0.19617860019207,0.10364039987325668,0.008181099779903889,-0.12000615894794464,-0.011870378628373146,-0.008770827203989029,-0.012597193941473961,-0.1314300149679184,-0.13255725800991058,0.05008600652217865,0.07236263155937195,0.13736592233181,0.042978435754776,-0.12228719145059586,-0.0838208794593811,0.11193783581256866,0.05919905751943588,0.2181144654750824,0.1560051590204239,0.07083098590373993,0.06759019196033478,0.012316418811678886,-0.008011437952518463,0.05671851709485054,0.011941122822463512
-0.0057277679443359375,-0.0013532638549804688,0.21006417274475098,0.07804377377033234,-0.02680116519331932,-0.12000178545713425,0.009407490491867065,-0.022483453154563904,-0.036715127527713776,-0.11531674116849899,-0.09944506734609604,0.040673721581697464,0.11332789808511734,0.09397418051958084,-0.08157017827033997,-0.14445999264717102,-0.10460348427295685,0.10146193206310272,0.03393670916557312,0.20342537760734558,0.1706615388393402,0.08164441585540771,0.15962237119674683,-0.014862283132970333,-0.059767406433820724,0.04537234827876091,0.013021008111536503
0.015729444101452827,0.013339096680283546,0.23061886429786682,0.02349589765071869,0.020596157759428024,-0.11890644580125809,0.007337951101362705,-0.03432503715157509,0.0014056987129151821,-0.04667477309703827,0.015708841383457184,0.019589722156524658,0.09227095544338226,0.015190252102911472,-0.09311309456825256,-0.1761593073606491,-0.1957523077726364,0.08515121042728424,0.013307429850101471,0.18670107424259186,0.19127485156059265,0.1229260265827179,0.12896321713924408,-0.04482058808207512,-0.07891988754272461,0.0738401934504509,0.10015084594488144
0.03453674912452698,0.0032270262017846107,0.2472372055053711,0.018673520535230637,0.0254187174141407,-0.10836482793092728,-0.016883645206689835,-0.02699465863406658,0.04325519874691963,-0.025167277082800865,-0.015345466323196888,0.024256117641925812,0.07061442732810974,-0.019460447132587433,-0.04609137028455734,-0.1731870472431183,-0.17614513635635376,0.07699307799339294,-0.04431440681219101,0.1686040163040161,0.12612368166446686,0.1414475440979004,0.07433144003152847,-0.03359396010637283,-0.05176956206560135,0.07315534353256226,0.04069027304649353
0.03925090283155441,-0.008281230926513672,0.28264573216438293,0.0035672467201948166,-0.002033672295510769,-0.07351846992969513,0.02184920385479927,0.005765598267316818,0.08876929432153702,0.007703082635998726,0.06684957444667816,0.03261030092835426,0.02814539149403572,-0.024441013112664223,-0.0201715175062418,-0.1465827077627182,-0.11933359503746033,0.07566089183092117,-0.08570408821105957,0.12330735474824905,0.028200212866067886,0.11885513365268707,0.009135554544627666,0.009342809207737446,0.03543248772621155,0.04202870652079582,-0.008907313458621502
0.032904937863349915,-0.02194976806640625,0.34478333592414856,-0.01435428112745285,-0.02002665027976036,-0.026965707540512085,-0.06847675889730453,0.053489066660404205,0.11832668632268906,0.04604948312044144,0.08107993751764297,-0.024844670668244362,-0.09919276833534241,-0.01850675791501999,-0.004939901642501354,-0.10681138932704926,-0.0952414870262146,0.07759175449609756,-0.08761416375637054,0.05016840994358063,-0.010955600067973137,0.09337007999420166,-0.022664403542876244,0.0338527150452137,-0.012082325294613838,-0.006644275039434433,-0.019503559917211533
0.03282270208001137,-0.0229949951171875,0.4039238691329956,-0.030031658709049225,0.00653273519128561,-0.0043615675531327724,-0.044865429401397705,0.0845547541975975,0.07515864074230194,0.056584641337394714,0.16914795339107513,-0.046283233910799026,-0.07768962532281876,-0.02628176286816597,-0.09519726037979126,-0.09360796958208084,-0.17622694373130798,0.07046196609735489,-0.06262578815221786,-0.008219593204557896,0.1459633857011795,0.10534243285655975,0.09437696635723114,0.007442287635058165,0.031118353828787804,-0.0334007553756237,0.06244097650051117
0.028290091082453728,-0.01698589324951172,0.41658496856689453,-0.04010765627026558,-0.00936026219278574,0.003375616855919361,-0.09058813005685806,0.08625168353319168,0.07719779759645462,0.08928274363279343,0.1512896567583084,-0.07222684472799301,-0.08896409720182419,-0.0399620458483696,-0.053935565054416656,-0.09556752443313599,-0.12988561391830444,0.0756470337510109,-0.04276769608259201,-0.006607516203075647,0.1312413215637207,0.11037150025367737,0.03279956802725792,-0.0006333118071779609,0.032842278480529785,-0.04411571845412254,0.020334351807832718
0.02485320158302784,-0.009630680084228516,0.41036203503608704,-0.03253849223256111,-0.061342693865299225,-0.013392114080488682,-0.09703672677278519,0.07089420408010483,0.08523966372013092,0.09879457950592041,0.09203873574733734,-0.04700711742043495,-0.03463089466094971,-0.028394190594553947,-0.01688804104924202,-0.07702986150979996,-0.039487067610025406,0.08213899284601212,-0.061686865985393524,0.006235434208065271,0.06915373355150223,0.0685027614235878,0.001001509721390903,0.020355653017759323,0.04990270361304283,-0.09482800215482712,-0.10332885384559631
0.013367394916713238,0.000829363358207047,0.4060126841068268,-0.03351934254169464,-0.05158884450793266,-0.033448345959186554,-0.07979366928339005,0.06520184874534607,0.07681476324796677,0.11551877111196518,0.15049517154693604,-0.04372548311948776,-0.0638861134648323,-0.014539712108671665,0.026106322184205055,-0.06837182492017746,-0.022558871656656265,0.08267572522163391,-0.042242445051670074,0.0126271927729249,-0.00024220533668994904,0.042377110570669174,-0.01070528943091631,0.027608390897512436,0.06383016705513,-0.08782586455345154,-0.07973363250494003
-0.01013040542602539,0.004653615411370993,0.4134131371974945,-0.02892310917377472,-0.01515504065901041,-0.046780385076999664,-0.011773258447647095,0.0573231503367424,0.03893372789025307,0.1361805498600006,0.1625976711511612,-0.10014063119888306,-0.16640308499336243,0.005275529809296131,0.03428202494978905,-0.05154675617814064,-0.04225199297070503,0.08832701295614243,-0.015378732234239578,0.004786018282175064,-0.0317620187997818,0.021873852238059044,-0.014108884148299694,0.026180364191532135,0.0232391394674778,-0.07282818108797073,-0.07630863785743713
-0.048299312591552734,0.007655641529709101,0.43052491545677185,-0.011495070531964302,0.012407032772898674,-0.044176362454891205,0.002021974418312311,0.03989351913332939,0.009089222177863121,0.12764188647270203,0.0966574028134346,-0.1498468667268753,-0.20600035786628723,0.05826395004987717,0.08208015561103821,-0.021884629502892494,-0.010084820911288261,0.10690917074680328,0.025592181831598282,-0.015375565737485886,-0.033607713878154755,-0.015516716986894608,-0.05495774745941162,0.02898131124675274,0.07082079350948334,-0.0588882640004158,-0.09078580886125565
-0.07453346252441406,0.012031275779008865,0.4363435208797455,-0.010846689343452454,0.0402694046497345,-0.041949767619371414,0.08249757438898087,0.03970152139663696,0.024853995069861412,0.13879172503948212,0.12444205582141876,-0.14487920701503754,-0.025494255125522614,0.10827115923166275,0.11520989239215851,-0.004862148314714432,0.017237674444913864,0.11688771843910217,0.046534620225429535,-0.021981652826070786,-0.08259882032871246,-0.0358571857213974,-0.08158329129219055,0.027262674644589424,0.1588609367609024,-0.04431093484163284,-0.05309440940618515
-0.08369779586791992,0.019299590960144997,0.43037229776382446,-0.007631908170878887,0.061168428510427475,-0.0464852973818779,0.10043294727802277,0.045551422983407974,0.014907872304320335,0.13905717432498932,0.06670040637254715,-0.15714393556118011,0.012093416415154934,0.12203659117221832,0.19006873667240143,-0.0018973719561472535,0.049292366951704025,0.11359356343746185,0.03743007779121399,-0.014709273353219032,-0.11975526809692383,-0.04141561686992645,-0.08843483030796051,0.02538972534239292,0.12153023481369019,-0.03346436098217964,-0.033209748566150665
-0.08901023864746094,0.026572152972221375,0.43422651290893555,0.005031913984566927,0.07015553116798401,-0.05527467653155327,0.148024782538414,0.041796162724494934,-0.020344791933894157,0.11257381737232208,0.022078391164541245,-0.1490797996520996,0.0994873046875,0.13548029959201813,0.2018377184867859,0.0027991083916276693,0.06932844966650009,0.10593529045581818,0.05195695161819458,-0.019231704995036125,-0.07757040858268738,-0.05037453770637512,-0.06895250827074051,0.030717110261321068,0.12771767377853394,-0.025851042941212654,0.019436746835708618
-0.07603883743286133,0.016366323456168175,0.44871389865875244,0.05867764726281166,0.12323333323001862,-0.0800156444311142,0.17073041200637817,0.029166124761104584,-0.051707424223423004,0.02690327912569046,-0.00985643733292818,-0.08144769817590714,0.15802162885665894,0.15006667375564575,0.1664583534002304,0.038867563009262085,0.043653454631567,0.08064854890108109,0.12142804265022278,-0.0231314729899168,-0.01819532923400402,-0.0844595655798912,-0.08803079277276993,0.0655198022723198,0.09910242259502411,0.005236931145191193,0.06718850135803223
-0.07285022735595703,0.02149101346731186,0.46818646788597107,0.0865156427025795,0.12729047238826752,-0.08392616361379623,0.08260195702314377,0.0066085136495530605,-0.0736180916428566,-0.054086893796920776,-0.05364728346467018,-0.012731777504086494,0.10643259435892105,0.15002675354480743,0.14581848680973053,0.032538387924432755,0.0068214088678359985,0.09404534846544266,0.15849927067756653,0.061584554612636566,0.12226372212171555,-0.08594434708356857,-0.08304578065872192,0.10873539745807648,0.11301463842391968,0.017751330509781837,0.02734944224357605
-0.0736536979675293,0.02849752828478813,0.5068293213844299,0.074198879301548,0.14203622937202454,-0.07741807401180267,0.13088823854923248,-0.033428680151700974,-0.08727817237377167,-0.07190756499767303,0.009573306888341904,0.022902239114046097,0.16500455141067505,0.12006816267967224,0.026197632774710655,-0.009200891479849815,-0.11945946514606476,0.11999999731779099,0.14983606338500977,0.13771837949752808,0.25893646478652954,-0.022405555471777916,0.04661494120955467,0.10772479325532913,0.09904858469963074,0.03439465910196304,0.05254250019788742
-0.06777000427246094,0.01540339644998312,0.5501577854156494,0.07150890678167343,0.12891797721385956,-0.07700540125370026,0.14421990513801575,-0.06542257219552994,-0.08827651292085648,-0.06886462867259979,-0.05478106066584587,0.047015152871608734,0.07535485178232193,0.09966161102056503,0.015447165817022324,-0.02044881507754326,-0.15077704191207886,0.12000000476837158,0.09773962199687958,0.17350074648857117,0.27228325605392456,0.006865219213068485,0.06786395609378815,0.10080403089523315,-0.0016371849924325943,0.037253446877002716,0.014587280340492725
-0.07005119323730469,-0.0012307167053222656,0.5771452784538269,0.07911651581525803,0.1116848960518837,-0.0603024996817112,0.09548244625329971,-0.07223601639270782,-0.03964727744460106,-0.06901005655527115,-0.13176190853118896,0.043130405247211456,-0.016968797892332077,0.09618467092514038,0.12216760218143463,-0.029310597106814384,-0.07536059617996216,0.11999999731779099,0.06633032113313675,0.1837792545557022,0.1287640631198883,0.007927275262773037,-0.036449819803237915,0.08108457922935486,-0.0815875232219696,0.03117092326283455,-0.03374084457755089
-0.07654476165771484,-0.01002359390258789,0.6087515354156494,0.08288838714361191,0.05738969147205353,-0.02657923474907875,0.11921872943639755,-0.040116604417562485,0.0413314551115036,-0.08125338703393936,-0.14704175293445587,0.012545481324195862,-0.0228600911796093,0.0945187658071518,0.18074382841587067,-0.027351921424269676,-0.0006568934768438339,0.09905830025672913,-0.0007730266079306602,0.09632070362567902,-0.03150973469018936,-0.03477246314287186,-0.06631839275360107,-0.021776463836431503,-0.12029734253883362,-0.018185360357165337,-0.08848997205495834
-0.05693864822387695,-0.02080535888671875,0.6150732040405273,0.06910835206508636,0.010109537281095982,-0.030667399987578392,0.0617683008313179,0.002115365117788315,0.08822234719991684,-0.04857202619314194,-0.08509435504674911,0.0005454511847347021,-0.04682707414031029,0.08741451799869537,0.12054090201854706,-0.04454648867249489,-0.0188949815928936,0.05655582249164581,-0.029704643413424492,0.04051870107650757,-0.0095073152333498,-0.02153013087809086,-0.04328974336385727,-0.052593328058719635,-0.13659529387950897,-0.013073841109871864,-0.04961901903152466
-0.04506206512451172,-0.025179386138916016,0.6166134476661682,0.06442523002624512,-0.016802262514829636,-0.026618417352437973,-0.0041772713884711266,0.018357733264565468,0.07770691066980362,-0.033260781317949295,-0.059859950095415115,-0.006945923436433077,-0.02675870805978775,0.07493370771408081,0.015080606564879417,-0.06172619014978409,-0.10985590517520905,0.042463019490242004,-0.047235213220119476,0.02743413858115673,0.10796834528446198,0.01997923105955124,0.10046699643135071,-0.0686328336596489,-0.13574714958667755,0.005133753642439842,0.004958837293088436
-0.030371665954589844,-0.0069561004638671875,0.6186943054199219,0.03756904974579811,-0.04771941155195236,-0.02791604958474636,0.04595986008644104,0.028084291145205498,0.05617328733205795,-0.022403590381145477,-0.014361769892275333,-0.009608677588403225,0.03921322152018547,0.06373428553342819,-0.004131991881877184,-0.09770162403583527,-0.09942664206027985,0.03286644071340561,-0.07048281282186508,0.03124658390879631,0.10300955921411514,0.05366981402039528,0.1363605111837387,-0.06518605351448059,-0.041395243257284164,-0.0013693298678845167,-0.02263800799846649
-0.014821052551269531,0.0024133124388754368,0.63116455078125,-0.0007150073652155697,-0.027738627046346664,-0.023144222795963287,0.12069375813007355,0.044085681438446045,0.07692468911409378,0.02299259975552559,0.056961771100759506,-0.024676023051142693,0.03036453202366829,0.04780511185526848,0.012033816426992416,-0.11668183654546738,-0.09444811940193176,0.015620720572769642,-0.08283563703298569,0.023272482678294182,0.035658739507198334,0.07741537690162659,0.1001678854227066,-0.024872155860066414,-0.007450328208506107,-0.014843052253127098,-0.030676744878292084
-0.003673076629638672,-0.017334938049316406,0.6521719098091125,-0.0022202441468834877,0.0058625079691410065,-0.010836712084710598,0.11527702957391739,0.05086857080459595,0.09167192131280899,0.063193179666996,0.06952904909849167,-0.04463998228311539,-0.03301544860005379,0.027634117752313614,0.06444693356752396,-0.09361643344163895,-0.07705667614936829,-0.003840881632640958,-0.07581726461648941,-0.007429434917867184,-0.05859323590993881,0.0834801122546196,0.026251379400491714,0.020009906962513924,-0.003184402361512184,0.0019958121702075005,-0.024488147348165512
-0.004127979278564453,-0.03372669219970703,0.6770336627960205,0.007592204492539167,-0.0005704453215003014,0.009716320782899857,0.07743861526250839,0.04760785773396492,0.11798130720853806,0.07749563455581665,0.014608046971261501,-0.0518924854695797,-0.13682088255882263,0.014221783727407455,0.1674221009016037,-0.05970412492752075,0.016711484640836716,0.0008118448313325644,-0.09108860045671463,-0.03601422160863876,-0.1693454384803772,0.07946659624576569,-0.09329748153686523,0.013868962414562702,-0.04423605278134346,-0.008738065138459206,-0.0751703605055809
-0.01139211654663086,-0.03399515151977539,0.7049329876899719,0.004230625927448273,-0.0004109339788556099,0.032689083367586136,0.09527242183685303,0.06284713000059128,0.13239479064941406,0.08587940037250519,0.0684446319937706,-0.058815788477659225,-0.09792560338973999,0.0633213222026825,0.1836942583322525,-0.0120480852201581,0.021891064941883087,0.011238562874495983,-0.10810186713933945,-0.069473035633564,-0.14955981075763702,0.023396560922265053,-0.08237157762050629,0.02199404686689377,0.017701614648103714,-0.019673511385917664,-0.0547441765666008
-0.01137685775756836,-0.016805171966552734,0.7234652042388916,-0.0015557965962216258,-0.01901175081729889,0.033877041190862656,-0.03485418111085892,0.07160463184118271,0.11451485753059387,0.08058827370405197,0.05590290203690529,-0.0931779146194458,-0.14371787011623383,0.1260843724012375,0.1915002018213272,0.020346883684396744,0.0351024866104126,0.015193602070212364,-0.0739206001162529,-0.08826866000890732,-0.09213176369667053,-0.041215404868125916,-0.11280767619609833,0.03644401952624321,0.06318886578083038,-0.024812817573547363,-0.06524614989757538
-0.006420612335205078,0.012196890078485012,0.7205362319946289,-0.009892708621919155,0.02250533178448677,0.022638706490397453,-0.02490956336259842,0.08814357966184616,0.08237413316965103,0.07063603401184082,0.11622670292854309,-0.09539104998111725,-0.06580916047096252,0.14999794960021973,0.1593342274427414,0.017466459423303604,-0.005351504310965538,0.014165084809064865,-0.04150708019733429,-0.0843697264790535,-0.012854872271418571,-0.07672645151615143,-0.10765879601240158,0.0456928089261055,0.11514310538768768,-0.025706525892019272,-0.009861229918897152
-0.009819984436035156,0.032799940556287766,0.6882108449935913,0.013403263874351978,0.016634348779916763,0.003414326114580035,-0.0703376904129982,0.06971422582864761,0.046616651117801666,0.03546348586678505,0.016537923365831375,-0.0951777920126915,-0.09913212060928345,0.14999760687351227,0.17466440796852112,0.012864598073065281,0.023228254169225693,0.02330360934138298,-0.029516400769352913,-0.05299277976155281,0.04888638108968735,-0.10704391449689865,-0.13147450983524323,0.06042574718594551,0.11254705488681793,-0.023641327396035194,-0.05513785034418106
-0.02529430389404297,0.049844324588775635,0.6346536874771118,0.025631548836827278,0.011874034069478512,-0.010320756584405899,-0.06540918350219727,0.04376186430454254,0.00908738188445568,0.02400515414774418,0.023713596165180206,-0.0691438689827919,0.020489953458309174,0.12748394906520844,0.09004631638526917,0.0002740979543887079,0.049608584493398666,0.04531985521316528,0.047063104808330536,-0.0036253235302865505,0.08010979741811752,-0.13399775326251984,-0.0789836049079895,0.0841410681605339,0.23825475573539734,-0.019792091101408005,-0.060311459004879
-0.03875303268432617,0.048731014132499695,0.5911033153533936,0.03442671149969101,0.004058566875755787,-0.024655377492308617,-0.029520930722355843,0.027842722833156586,-0.01639573834836483,0.026514491066336632,0.014913496561348438,-0.07436069846153259,-0.038848742842674255,0.10514446347951889,0.07829029858112335,-0.006613582838326693,0.0687396377325058,0.061661817133426666,0.05336737632751465,0.03643297404050827,0.025164559483528137,-0.1385272592306137,-0.039162296801805496,0.09716276824474335,0.21524734795093536,-0.017124459147453308,-0.06870818883180618
-0.05367231369018555,0.03093733638525009,0.5682805180549622,0.04751742631196976,0.07009866088628769,-0.033946916460990906,-0.0035093664191663265,0.012715671211481094,-0.04560685157775879,0.024701690301299095,-0.02263561636209488,-0.08550329506397247,-0.15862411260604858,0.1033020094037056,0.11052446067333221,-0.006151626817882061,0.012367792427539825,0.07516908645629883,0.06733859330415726,0.05603424087166786,0.06709115952253342,-0.12138181179761887,-0.01630413718521595,0.1001981645822525,0.14584322273731232,-0.0077280886471271515,0.014735148288309574
-0.056378841400146484,-0.006258964538574219,0.5492181777954102,0.08675593137741089,0.10210220515727997,-0.04216109588742256,0.03224976733326912,0.023556889966130257,-0.02943422459065914,0.02744833007454872,-0.06137390062212944,-0.11222406476736069,-0.1887783259153366,0.12343274801969528,0.20412041246891022,0.0020548340398818254,0.002779277041554451,0.07046253234148026,0.0633830726146698,0.059479422867298126,0.028287194669246674,-0.0711684376001358,-0.030159978196024895,0.07482383400201797,0.07454539835453033,0.016878370195627213,0.07870093733072281
-0.05365800857543945,-0.022945880889892578,0.5441480278968811,0.10787823796272278,0.09841112047433853,-0.053856030106544495,0.08703479915857315,0.03081638738512993,-0.01631099358201027,0.0278460830450058,-0.12456398457288742,-0.12166567891836166,-0.14964836835861206,0.13031062483787537,0.29613128304481506,0.008770331740379333,0.032800450921058655,0.05899735540151596,0.04560903459787369,0.06252764165401459,0.01077970303595066,-0.05057312920689583,-0.06665690243244171,0.0668765977025032,0.07085753977298737,0.01918661966919899,0.0717584565281868
-0.055771827697753906,-0.01648092269897461,0.548743724822998,0.11038179695606232,0.1063205823302269,-0.0626503974199295,0.10172037035226822,0.027332544326782227,-0.00024739326909184456,0.010602140799164772,-0.05946557596325874,-0.10728149861097336,-0.01394610945135355,0.13789594173431396,0.25039443373680115,0.003928041085600853,-0.002316003665328026,0.04768608883023262,0.05509844422340393,0.06077888607978821,0.05652332305908203,-0.04746108129620552,-0.03356566280126572,0.06815582513809204,0.07034684717655182,0.04292752593755722,0.17323139309883118
-0.0473933219909668,0.00924972165375948,0.5450550317764282,0.10935895889997482,0.12057134509086609,-0.07909118384122849,0.09424937516450882,0.027248693630099297,-0.04620075225830078,-0.04632244631648064,-0.06733135879039764,-0.0748528242111206,0.14295080304145813,0.12929610908031464,0.10848270356655121,-0.05493270233273506,-0.09629081189632416,0.037989553064107895,0.0859546959400177,0.1174025610089302,0.23718222975730896,0.012048342265188694,0.09617258608341217,0.05158136785030365,0.05067133530974388,0.11842694878578186,0.22774642705917358
-0.03208351135253906,0.03823155164718628,0.5623542070388794,0.0943455919623375,0.11630868911743164,-0.09490073472261429,0.03144395723938942,0.005983160808682442,-0.11071189492940903,-0.10341472923755646,-0.0849982425570488,-0.026097556576132774,0.16399607062339783,0.11093710362911224,-0.023054251447319984,-0.1239885613322258,-0.16259461641311646,0.06525176018476486,0.1514381319284439,0.2890886664390564,0.4433029592037201,0.09837055206298828,0.16139282286167145,0.0610087513923645,0.0794549435377121,0.14992067217826843,0.20517602562904358
-0.027607440948486328,0.0455828495323658,0.6331742405891418,0.07597821950912476,0.16173021495342255,-0.09071489423513412,0.05632201209664345,-0.06482330709695816,-0.10012967139482498,-0.12496083974838257,-0.06277463585138321,0.010604506358504295,0.13038340210914612,0.04612740874290466,-0.060584310442209244,-0.1456124186515808,-0.23615491390228271,0.0799529105424881,0.17134490609169006,0.29996636509895325,0.4792098104953766,0.14290551841259003,0.13097929954528809,0.07660277187824249,0.06550758332014084,0.15000000596046448,0.18472766876220703
-0.029575347900390625,0.027026645839214325,0.6779799461364746,0.0773330107331276,0.15192706882953644,-0.07728161662817001,0.022655513137578964,-0.10349045693874359,-0.05890199542045593,-0.1270010769367218,-0.09888376295566559,0.042448122054338455,0.05592313036322594,0.02159164473414421,-0.017255445942282677,-0.14455869793891907,-0.19762632250785828,0.108361154794693,0.1297999918460846,0.29995962977409363,0.3194993734359741,0.15281599760055542,0.02660813368856907,0.08046728372573853,-0.020229021087288857,0.15000000596046448,0.12110498547554016
-0.030157089233398438,0.0071958438493311405,0.7032505869865417,0.08924275636672974,0.05132652074098587,-0.05425432324409485,-0.02317759580910206,-0.07639962434768677,-0.001205341424793005,-0.13923534750938416,-0.2006996124982834,0.0518655925989151,-0.025145981460809708,0.015663791447877884,0.062428344041109085,-0.12462480366230011,-0.07850871980190277,0.11999999731779099,0.02329108864068985,0.2833365797996521,0.15208375453948975,0.09576722234487534,-0.013227350078523159,0.0035993424244225025,-0.1337030827999115,0.12201042473316193,-0.009087617509067059
-0.020355224609375,-0.0029163360595703125,0.7488272786140442,0.05789458006620407,-0.010374723933637142,-0.040566183626651764,0.018520638346672058,-0.00905616208910942,0.08511895686388016,-0.10098143666982651,-0.11592564731836319,0.04600715637207031,0.013428189791738987,0.048958275467157364,0.053293775767087936,-0.1192067340016365,-0.053023260086774826,0.08433879911899567,-0.07376376539468765,0.1690889298915863,0.04586729034781456,0.053348343819379807,0.02910846658051014,-0.08006437867879868,-0.16142986714839935,0.05741366744041443,0.004497092217206955
-0.01588296890258789,-0.030371665954589844,0.806652307510376,0.03668392449617386,0.010758006013929844,-0.027743956074118614,-0.03177812695503235,0.02887916937470436,0.13136126101016998,-0.02863926626741886,-0.011291277594864368,0.008699620142579079,-0.0857425183057785,0.049721721559762955,0.05766287073493004,-0.10453884303569794,-0.12433972954750061,0.063811294734478,-0.09339962154626846,0.10869356989860535,0.05642419308423996,0.09195893257856369,0.011095450259745121,-0.08637233078479767,-0.16022656857967377,0.058013927191495895,0.07256853580474854
-0.014172077178955078,-0.0354461669921875,0.8569594621658325,-0.006834303494542837,0.016876909881830215,-0.011176766827702522,-0.019366547465324402,0.08837467432022095,0.12439807504415512,0.0615847185254097,0.1173599436879158,-0.05523984506726265,-0.08035078644752502,0.03783782944083214,0.027522997930645943,-0.10899452865123749,-0.16603079438209534,0.037573009729385376,-0.07845116406679153,0.06022823229432106,0.058394402265548706,0.11179165542125702,0.0416518896818161,-0.047699935734272,-0.07995741069316864,0.09811470657587051,0.1212005466222763
-0.008277416229248047,-0.03841209411621094,0.9028502106666565,-0.023940136656165123,-0.02131659910082817,-0.007383100222796202,0.03294660896062851,0.11807145178318024,0.1302768737077713,0.10447874665260315,0.11939827352762222,-0.048086196184158325,-0.03518405184149742,0.018703646957874298,-0.01978142559528351,-0.11359570920467377,-0.1330982744693756,0.01364879310131073,-0.1013919934630394,0.020435582846403122,0.03969578444957733,0.13736198842525482,0.0854281634092331,-0.014338420704007149,-0.047864820808172226,0.07520049065351486,0.05180652439594269
0.004393924959003925,-0.047043800354003906,0.9258551597595215,-0.02697269804775715,-0.0037506064400076866,-0.024055909365415573,0.08721508830785751,0.11241047084331512,0.12310605496168137,0.13416388630867004,0.1724139302968979,-0.0650579109787941,-0.025293294340372086,0.017335766926407814,-0.041049983352422714,-0.10782310366630554,-0.13680404424667358,-0.003866062732413411,-0.06881753355264664,0.009732317179441452,0.08147416263818741,0.15813449025154114,0.09810791164636612,-0.003815992036834359,0.004954122006893158,0.026811188086867332,0.02731941267848015
0.003811773145571351,-0.04510354995727539,0.9268298149108887,-0.02336559072136879,-0.0430293008685112,-0.024457821622490883,0.07033407688140869,0.11802120506763458,0.12214065343141556,0.14045435190200806,0.111116923391819,-0.076462022960186,-0.10591068118810654,0.013821480795741081,0.018360475078225136,-0.09727232903242111,-0.02880343422293663,-0.004932803101837635,-0.081972636282444,0.009933521039783955,-0.0233664158731699,0.14948059618473053,0.05160288140177727,-0.007158796768635511,-0.03526122868061066,0.004630349576473236,-0.07635171711444855
-0.014728546142578125,-0.039639949798583984,0.937428891658783,-0.022447628900408745,-0.04924212768673897,-0.00833461619913578,0.12328355014324188,0.11370382457971573,0.10476576536893845,0.1445246934890747,0.10532692819833755,-0.08950483798980713,-0.20313063263893127,0.025716017931699753,0.0841793566942215,-0.06924819946289062,0.04042193293571472,0.005575262475758791,-0.09914667159318924,-0.00519280880689621,-0.08922305703163147,0.11008270829916,0.009484704583883286,-0.0013495496241375804,-0.02768421173095703,0.006343733053654432,-0.13147315382957458
-0.05649995803833008,-0.05459785461425781,0.9843617677688599,-0.0024163005873560905,-0.021577470004558563,0.015609280206263065,0.06578103452920914,0.07947583496570587,0.1127360612154007,0.16841313242912292,0.09521692246198654,-0.14822444319725037,-0.2521970570087433,0.11844895035028458,0.2209802120923996,0.04729467257857323,0.08646592497825623,0.03234074264764786,-0.06777854263782501,-0.07594071328639984,-0.1661008596420288,-0.016953544691205025,-0.11528901755809784,0.021674714982509613,0.011508863419294357,-0.03182641416788101,-0.1224001869559288
-0.07086992263793945,-0.024819374084472656,0.9918651580810547,0.0037589690182358027,0.04746263846755028,0.021196488291025162,0.12023436278104782,0.10039841383695602,0.0916995033621788,0.1390233188867569,0.14661642909049988,-0.16178832948207855,-0.13144710659980774,0.14989973604679108,0.2640362083911896,0.07474254071712494,0.05302673950791359,0.033832650631666183,-0.023091623559594154,-0.12746699154376984,-0.17129984498023987,-0.09660240262746811,-0.15191471576690674,0.047151267528533936,0.1112036257982254,-0.04553603753447533,-0.042498499155044556
-0.0879678726196289,0.0017050773603841662,0.9928605556488037,0.0027681326027959585,0.025750502943992615,0.033500708639621735,0.12426718324422836,0.10027491301298141,0.07692795246839523,0.1206403523683548,0.1350894570350647,-0.13083933293819427,-0.04234664887189865,0.1490441858768463,0.25396934151649475,0.07636924833059311,0.08208134770393372,0.03881656378507614,-0.03088333271443844,-0.1343875378370285,-0.15072952210903168,-0.13155151903629303,-0.12379045784473419,0.08035212755203247,0.14917227625846863,0.01339493878185749,-0.005100890062749386
-0.09576940536499023,0.011353148147463799,0.9992902874946594,0.006574828177690506,0.05729749798774719,0.03320198133587837,0.12592944502830505,0.09305400401353836,0.03355279564857483,0.1105218455195427,0.06081245467066765,-0.13223014771938324,0.03355050086975098,0.14912226796150208,0.20418523252010345,0.07968227565288544,0.07663068175315857,0.03679170086979866,0.01125410944223404,-0.13988958299160004,-0.008246520534157753,-0.1375020444393158,-0.10995647311210632,0.0911925733089447,0.17615695297718048,0.033196501433849335,0.011907702311873436
-0.09882020950317383,0.011060742661356926,1.0038988590240479,0.010090560652315617,0.08914501965045929,0.0289045087993145,0.0969574823975563,0.09045639634132385,0.025501778349280357,0.10900480300188065,0.06635411083698273,-0.12170490622520447,-0.02296994999051094,0.14919468760490417,0.22171702980995178,0.08454617857933044,0.11235785484313965,0.03275897353887558,0.0998271107673645,-0.14322222769260406,-0.05077158659696579,-0.13722743093967438,-0.17497247457504272,0.09975598007440567,0.19086182117462158,0.031086698174476624,0.010354257188737392
-0.10237836837768555,0.006676462944597006,1.0047780275344849,0.013111417181789875,0.10216698050498962,0.025913765653967857,0.11360581964254379,0.09160793572664261,0.014533443376421928,0.11014506965875626,0.044162146747112274,-0.11183042079210281,-0.06089909002184868,0.14928388595581055,0.20765377581119537,0.08630184829235077,0.08840009570121765,0.029717247933149338,0.0913272276520729,-0.1430705338716507,-0.011443035677075386,-0.13401900231838226,-0.1242344081401825,0.11040008068084717,0.1473085731267929,0.02642807736992836,0.0046143243089318275
-0.10541152954101562,-0.0027418136596679688,0.9948368072509766,0.04370366781949997,0.1063646450638771,0.022272927686572075,0.0877852588891983,0.0892997682094574,-0.005711419973522425,0.07320749014616013,-0.03648870810866356,-0.11540030688047409,-0.10272803902626038,0.14902348816394806,0.19694866240024567,0.08029013127088547,0.06734435260295868,0.032073091715574265,0.08458052575588226,-0.10409121960401535,0.07352879643440247,-0.11904487013816833,-0.06997263431549072,0.11037646234035492,0.09243160486221313,0.01760312356054783,0.002023749053478241
-0.10541248321533203,-0.007834911346435547,0.996802806854248,0.04945047199726105,0.10923798382282257,0.016110220924019814,0.14466078579425812,0.08631893992424011,-0.02985033579170704,0.06468316912651062,-0.030077718198299408,-0.1171073317527771,0.08199620246887207,0.13971427083015442,0.18678000569343567,0.07387973368167877,0.028806734830141068,0.02881671115756035,0.08800803869962692,-0.08114905655384064,0.09896361082792282,-0.11124242097139359,0.008655223064124584,0.10642682760953903,0.12769387662410736,0.02236022986471653,0.06720839440822601
-0.0800943374633789,-0.01613616943359375,0.9944501519203186,0.08382027596235275,0.13374125957489014,-0.01566172204911709,0.147319957613945,0.09441457688808441,-0.05142870917916298,-0.0010505238315090537,-0.1142474114894867,-0.07616474479436874,0.029934518039226532,0.11716680973768234,0.22658462822437286,0.04426443949341774,-0.015604767948389053,0.0104677714407444,0.07600019872188568,0.003363529220223427,0.11418581008911133,-0.05120641365647316,0.016355933621525764,0.09089212119579315,0.05553450807929039,0.050276197493076324,0.09881802648305893
-0.0577692985534668,-0.01175689697265625,1.0135290622711182,0.09763242304325104,0.1288500726222992,-0.05051519721746445,0.15698863565921783,0.07967156916856766,-0.023523010313510895,-0.05987607315182686,-0.13401533663272858,-0.03459310159087181,-0.008863569237291813,0.13160456717014313,0.26476287841796875,0.022839052602648735,-0.025493819266557693,0.008622994646430016,0.05928798019886017,0.09561493247747421,0.14757493138313293,-0.02279151789844036,-0.020930195227265358,0.06923757493495941,0.04711468145251274,0.09044565260410309,0.12402614206075668
-0.0504145622253418,-0.005711078643798828,1.041159987449646,0.09787782281637192,0.12309052795171738,-0.06616804003715515,0.12441029399633408,0.05351855605840683,0.01687251590192318,-0.08901018649339676,-0.16474562883377075,-0.009272409602999687,-0.011014026589691639,0.14878994226455688,0.27807167172431946,0.019245995208621025,0.010445611551404,0.02064034529030323,0.04466366767883301,0.12426000833511353,0.07627604901790619,-0.03332177549600601,-0.08253088593482971,0.04930221289396286,-0.003384048119187355,0.0997505858540535,0.09318913519382477
-0.04575538635253906,0.002064849715679884,1.0560237169265747,0.09568533301353455,0.08995362371206284,-0.07200241088867188,0.09044169634580612,0.03869129717350006,0.03140469267964363,-0.10754041373729706,-0.1355065107345581,0.005426437593996525,0.047088418155908585,0.14898429811000824,0.23558351397514343,0.0074983942322432995,3.138743340969086e-05,0.03531365469098091,0.027883080765604973,0.1239730641245842,0.11258918046951294,-0.04495269060134888,-0.04398210346698761,0.03021983429789543,0.011384227313101292,0.09875784069299698,0.09279217571020126
-0.03666830062866211,0.006518955808132887,1.0586061477661133,0.09347590059041977,0.05528413504362106,-0.07863430678844452,0.08110993355512619,0.036808937788009644,0.038435257971286774,-0.11353810876607895,-0.0707550048828125,0.009607053361833096,0.11157840490341187,0.1417660266160965,0.1137213408946991,-0.01606389880180359,-0.09922283887863159,0.048247065395116806,-0.016537364572286606,0.12913556396961212,0.24771086871623993,-0.03272649273276329,0.1299344301223755,0.024135952815413475,0.021224215626716614,0.10408016294240952,0.13061413168907166
-0.021662235260009766,0.010388834401965141,1.0628952980041504,0.07452733814716339,0.022420547902584076,-0.08685368299484253,0.11135191470384598,0.03692159056663513,0.06848303973674774,-0.0909510925412178,-0.03143485635519028,0.002928707282990217,0.10621339827775955,0.11335835605859756,0.07198481261730194,-0.05965414270758629,-0.08524744212627411,0.05403057485818863,-0.06087270379066467,0.13289874792099,0.16905978322029114,0.0251791849732399,0.15163728594779968,0.02437085285782814,0.027051735669374466,0.10764507949352264,0.11437524110078812
-0.0004525184631347656,0.0018478559795767069,1.0729180574417114,0.07139473408460617,0.04565134271979332,-0.1071116253733635,0.06601636856794357,0.031737446784973145,0.11894964426755905,-0.07465187460184097,-0.004478601738810539,-0.0009802840650081635,-0.04638013243675232,0.11144988983869553,0.17811666429042816,-0.06590395420789719,-0.047792207449674606,0.04515152797102928,-0.05884353071451187,0.13441403210163116,-0.016122760251164436,0.051705725491046906,-0.024999817833304405,0.009441754780709743,-0.02141394093632698,0.08403097838163376,0.1102835088968277
-0.00305938720703125,-0.005896568298339844,1.0880029201507568,0.06311940401792526,0.017596479505300522,-0.09836934506893158,0.06976119428873062,0.02431105263531208,0.133027583360672,-0.053521528840065,-0.012292020954191685,-0.005171716213226318,-0.043486338108778,0.10424837470054626,0.17903704941272736,-0.05495838448405266,-0.0031563211232423782,0.04887142404913902,-0.09036769717931747,0.1166035458445549,-0.1016569584608078,0.04813031479716301,-0.04261858016252518,0.010481438599526882,-0.03842252492904663,0.07039473950862885,0.0800681933760643
-0.022012710571289062,-0.007910728454589844,1.1249587535858154,0.019087012857198715,0.00541976373642683,-0.05598143860697746,0.07844666391611099,0.06914333254098892,0.12467090040445328,0.019840147346258163,0.04525143280625343,-0.035998303443193436,-0.057561274617910385,0.09262902289628983,0.11327867209911346,-0.03935566544532776,-0.042474549263715744,0.042311061173677444,-0.09017457067966461,0.027595464140176773,-0.058723531663417816,0.040551863610744476,0.007420554757118225,0.002704781945794821,-0.025457534939050674,0.0701105073094368,0.09645931422710419
-0.027065277099609375,-0.012740135192871094,1.1349865198135376,0.006129520013928413,0.01966385915875435,-0.03617183491587639,0.03719557821750641,0.08963923901319504,0.1173272505402565,0.05602499842643738,0.0819043517112732,-0.05537602677941322,-0.09141531586647034,0.08456205576658249,0.0673832818865776,-0.03475368022918701,-0.08047802746295929,0.025791974738240242,-0.07993801683187485,-0.010931295342743397,0.025606004521250725,0.05406578257679939,0.03223268315196037,-0.01091662235558033,-0.010894570499658585,0.07897178083658218,0.12057314068078995
-0.02720499038696289,-0.013180255889892578,1.1208910942077637,0.005921534728258848,-0.0067077865824103355,-0.029810888692736626,0.002387206070125103,0.11421998590230942,0.12276225537061691,0.06943870335817337,0.05108749493956566,-0.06966111809015274,-0.108512282371521,0.08471359312534332,0.10652756690979004,-0.03822489082813263,-0.029363594949245453,0.016608014702796936,-0.11249244958162308,-0.013761994428932667,0.01626592129468918,0.061387065798044205,0.05116727203130722,-0.014422846958041191,0.02832832932472229,0.07156240195035934,0.0853646844625473
-0.031914710998535156,-0.013355731964111328,1.10991632938385,0.009230317547917366,-0.027091756463050842,-0.03224592283368111,-0.00013076653704047203,0.1259361058473587,0.13001520931720734,0.07488591223955154,0.023604124784469604,-0.08020985126495361,-0.12533146142959595,0.10056773573160172,0.19300617277622223,-0.02864944562315941,0.03616449236869812,0.015605534426867962,-0.11173417419195175,-0.01071981992572546,-0.02430071122944355,0.04249536618590355,-0.004410057328641415,-0.003217631485313177,0.08175677061080933,0.0541229210793972,0.04468251392245293
-0.042537689208984375,-0.0142974853515625,1.1066815853118896,0.012217006646096706,0.005976250395178795,-0.03748200833797455,0.04354788362979889,0.12931068241596222,0.11077374964952469,0.08602551370859146,0.054303329437971115,-0.10551563650369644,-0.17121586203575134,0.1315886527299881,0.22513867914676666,-0.0026617315597832203,0.03493644297122955,0.017028039321303368,-0.06591171771287918,-0.009352591820061207,-0.03226950019598007,-0.0008507923921570182,-0.04589446261525154,0.017458932474255562,0.08652105927467346,0.040963541716337204,0.060569118708372116
-0.05241060256958008,-0.011266231536865234,1.1014509201049805,0.01462410669773817,0.02566206455230713,-0.04422547668218613,0.012092981487512589,0.13398078083992004,0.05158957466483116,0.09150628000497818,0.06430792063474655,-0.12930412590503693,-0.1920621693134308,0.14496219158172607,0.1854635328054428,0.0042884573340415955,0.008891385048627853,0.013187065720558167,-0.01939701847732067,-0.002669751411303878,0.029470078647136688,-0.018684500828385353,-0.017608581110835075,0.035527296364307404,0.09455975890159607,0.044673819094896317,0.09839534014463425
-0.064910888671875,-0.008072853088378906,1.1008872985839844,0.016287561506032944,0.05887250974774361,-0.048984359949827194,-0.010976646095514297,0.13571792840957642,0.03192276507616043,0.09171052277088165,0.04101245105266571,-0.13039840757846832,-0.16742363572120667,0.1495843231678009,0.18092049658298492,0.007959021255373955,-0.012570347636938095,0.006165266502648592,0.0006776228547096252,-0.0006115607102401555,0.11171925812959671,-0.023546423763036728,-0.028624648228287697,0.03658365085721016,0.10490617156028748,0.06139213219285011,0.10473727434873581
-0.07756948471069336,-0.006850719451904297,1.094034194946289,0.020284516736865044,0.088892363011837,-0.05310451611876488,0.0201862882822752,0.14286239445209503,0.04097388684749603,0.09529682993888855,0.04226257652044296,-0.12940587103366852,-0.1360536515712738,0.15006981790065765,0.2204248458147049,0.013515366241335869,-0.003300148993730545,0.00029165809974074364,-0.0036561470478773117,0.008337470702826977,0.09666240215301514,-0.030038589611649513,-0.058736756443977356,0.040159765630960464,0.10871836543083191,0.0768568217754364,0.11112325638532639
-0.08610916137695312,-0.0168609619140625,1.0804100036621094,0.04798940196633339,0.08678122609853745,-0.06384805589914322,0.05175374820828438,0.13749857246875763,0.030734961852431297,0.07659000158309937,0.027441643178462982,-0.13173003494739532,-0.11910215020179749,0.1506510078907013,0.2623554468154907,0.03651931509375572,0.03332924842834473,-0.007699938490986824,0.019199050962924957,0.02667986787855625,0.05103413760662079,-0.051785700023174286,-0.05405236780643463,0.060270506888628006,0.13117051124572754,0.0986623615026474,0.12631067633628845
-0.09941577911376953,-0.02236318588256836,1.0695103406906128,0.07689282298088074,0.08280622959136963,-0.06288771331310272,0.0831332579255104,0.13178057968616486,0.028118902817368507,0.05083185434341431,-0.03477019816637039,-0.12772636115550995,-0.12139198184013367,0.15011736750602722,0.2840704619884491,0.049167755991220474,0.054415274411439896,-0.005521014332771301,0.03285627067089081,0.04048183932900429,0.042790405452251434,-0.06250607222318649,-0.06202588230371475,0.08761265128850937,0.08388131856918335,0.11232898384332657,0.12429710477590561
-0.11008405685424805,-0.012411117553710938,1.0772705078125,0.0879722461104393,0.11428043246269226,-0.06392848491668701,0.09902085363864899,0.11924557387828827,0.0030847755260765553,0.029767537489533424,-0.056191641837358475,-0.12923066318035126,-0.07031340152025223,0.15020932257175446,0.23902517557144165,0.049963805824518204,0.026544835418462753,0.0024792165495455265,0.07454194873571396,0.051112134009599686,0.10470724105834961,-0.06138845160603523,-0.04449329525232315,0.09747612476348877,0.09580090641975403,0.12350005656480789,0.1641932725906372
-0.11802053451538086,0.006653160322457552,1.089331030845642,0.0852426290512085,0.14556005597114563,-0.06196409836411476,0.08674917370080948,0.1041143536567688,-0.03358495235443115,0.00867431703954935,0.03990643098950386,-0.11761520802974701,0.07435065507888794,0.15018858015537262,0.12691335380077362,0.022652847692370415,-0.06292654573917389,0.023359548300504684,0.14150287210941315,0.09173472225666046,0.22561344504356384,-0.02968296781182289,0.03720778971910477,0.10071192681789398,0.15614871680736542,0.1499214768409729,0.27924296259880066
-0.12786197662353516,0.015740009024739265,1.121315598487854,0.08385718613862991,0.14683720469474792,-0.054082270711660385,0.09476073831319809,0.07165523618459702,-0.057633787393569946,-0.0003634632157627493,-0.009705177508294582,-0.09883646667003632,0.060292113572359085,0.15020549297332764,0.09889693558216095,0.01589207723736763,-0.10970452427864075,0.05367228388786316,0.12692749500274658,0.12025640159845352,0.306254118680954,-0.011453463695943356,0.08845862746238708,0.11096739768981934,0.09926322102546692,0.14993001520633698,0.25528573989868164
-0.12059593200683594,0.025635307654738426,1.147554636001587,0.09186779707670212,0.15781688690185547,-0.05925869941711426,0.17577068507671356,0.032269492745399475,-0.049185898154973984,-0.030530454590916634,-0.020028632134199142,-0.06772235035896301,0.1449987143278122,0.15015222132205963,0.08950573951005936,-0.013903888873755932,-0.10340830683708191,0.0814293697476387,0.12143563479185104,0.17898795008659363,0.273751825094223,0.033120401203632355,0.07242806255817413,0.11689984053373337,0.10477720201015472,0.15000000596046448,0.24670003354549408
-0.11618947982788086,0.03010689467191696,1.1869441270828247,0.09244421869516373,0.13941404223442078,-0.05579020082950592,0.16945727169513702,-0.0038653546944260597,0.01687687076628208,-0.04835274815559387,-0.02106781303882599,-0.03482593595981598,0.1472395807504654,0.15003664791584015,0.14390777051448822,-0.02476963959634304,-0.06545078754425049,0.10743136703968048,0.0995182916522026,0.196456179022789,0.15032559633255005,0.03804969787597656,0.006351235322654247,0.11148356646299362,0.06625515222549438,0.15000000596046448,0.23201614618301392
-0.10717391967773438,0.028963610529899597,1.2146819829940796,0.09883566945791245,0.09781716763973236,-0.048503343015909195,0.1439138799905777,-0.018500791862607002,0.06072305142879486,-0.06760544329881668,-0.07627256959676743,-0.009454168379306793,0.09602153301239014,0.15000411868095398,0.16113410890102386,-0.03166184946894646,-0.03443017974495888,0.11694640666246414,0.03517845273017883,0.17213955521583557,0.10508735477924347,0.0198513176292181,-0.009082661010324955,0.06246061250567436,-0.019030170515179634,0.15000000596046448,0.16221044957637787
-0.08967971801757812,0.02718629129230976,1.229893684387207,0.08933282643556595,0.036341581493616104,-0.038417913019657135,0.09364763647317886,0.003869773354381323,0.10126922279596329,-0.05794401094317436,-0.04849701747298241,-0.008345047943294048,0.033194247633218765,0.13235843181610107,0.14934833347797394,-0.04841192811727524,-0.015759378671646118,0.10780415683984756,-0.019968686625361443,0.12688279151916504,0.08294235169887543,0.005890961270779371,0.02622206322848797,9.293292532674968e-05,-0.0607026033103466,0.15000000596046448,0.1362035721540451
-0.06042909622192383,0.01634303852915764,1.2355055809020996,0.08814661204814911,-0.004365119151771069,-0.03945184126496315,0.08276073634624481,0.029554923996329308,0.1187010332942009,-0.04431696981191635,-0.0020782286301255226,-0.01510931272059679,0.006473551969975233,0.1080731526017189,0.10382481664419174,-0.06261236220598221,-0.0530996136367321,0.08369658887386322,-0.07455271482467651,0.10624507814645767,0.09696796536445618,0.005150660406798124,0.11015307158231735,-0.018989721313118935,-0.05696721002459526,0.15000000596046448,0.12016531080007553
-0.03288602828979492,0.005666789133101702,1.2543528079986572,0.05259273201227188,0.0016290666535496712,-0.024627279490232468,0.1102273091673851,0.08800821006298065,0.13594916462898254,0.030851775780320168,0.06510305404663086,-0.06588255614042282,-0.09192103147506714,0.11007525771856308,0.12498496472835541,-0.08759435266256332,-0.07108612358570099,0.05131968855857849,-0.08761462569236755,0.06466712802648544,0.051604002714157104,0.04286355897784233,0.07776695489883423,-0.029999639838933945,-0.049685992300510406,0.13591642677783966,0.11412183195352554
-0.030322551727294922,-0.025008678436279297,1.3078453540802002,0.03582795336842537,0.009735370986163616,0.019335249438881874,0.1633860021829605,0.09975254535675049,0.13345463573932648,0.09973684698343277,0.11147806793451309,-0.11376935243606567,-0.12278798222541809,0.07237544655799866,0.11468233168125153,-0.08472278714179993,-0.07253924012184143,0.04799295589327812,-0.11249373108148575,0.004945770371705294,0.0018706675618886948,0.10451240837574005,0.06384376436471939,-0.004894151818007231,-0.052087754011154175,0.1118287518620491,0.10964786261320114
-0.03252267837524414,-0.0539240837097168,1.3455790281295776,0.03275689855217934,0.0585712268948555,0.05138418450951576,0.18364110589027405,0.10543572157621384,0.13856498897075653,0.1509573608636856,0.16821573674678802,-0.13288654386997223,-0.17936357855796814,0.05897962301969528,0.14116932451725006,-0.051242321729660034,-0.08368441462516785,0.04988960921764374,-0.08980420231819153,-0.03257548436522484,-0.01870948262512684,0.1227208822965622,0.014018450863659382,-0.026134490966796875,-0.03261403739452362,0.08838960528373718,0.13336461782455444
-0.034316062927246094,-0.055613040924072266,1.36443030834198,0.02778119593858719,0.0015796851366758347,0.06571192294359207,0.12764739990234375,0.125416100025177,0.1750263124704361,0.16202542185783386,0.11925410479307175,-0.1415582001209259,-0.17901089787483215,0.10587916523218155,0.21745175123214722,-0.01816547103226185,0.006444416008889675,0.04552530497312546,-0.12770846486091614,-0.06098303198814392,-0.0997760072350502,0.08414331078529358,-0.005416231229901314,-0.018266377970576286,-0.028878871351480484,0.06599146127700806,0.05801829323172569
-0.027228355407714844,-0.03852653503417969,1.3778727054595947,0.018202215433120728,-0.020673569291830063,0.0621270090341568,0.13923774659633636,0.15009881556034088,0.1646912842988968,0.14582641422748566,0.10765139013528824,-0.136626735329628,-0.15455733239650726,0.14982129633426666,0.2268124222755432,-0.005294959060847759,0.033525265753269196,0.029018918052315712,-0.14946450293064117,-0.08214758336544037,-0.050968557596206665,0.04871036857366562,0.021761750802397728,-0.010630462318658829,0.01588520035147667,0.04315323010087013,0.03156457096338272
-0.03544187545776367,-0.027713775634765625,1.3949801921844482,0.012792128138244152,0.008456846699118614,0.07058085501194,0.1084689050912857,0.15213224291801453,0.14355795085430145,0.14455360174179077,0.14489109814167023,-0.15478932857513428,-0.17391738295555115,0.14984366297721863,0.24964477121829987,0.022417405620217323,0.042365435510873795,0.03061862662434578,-0.09514988213777542,-0.09815189987421036,-0.05404090881347656,-0.0008648792281746864,-0.0537942573428154,0.004041698761284351,0.03386157751083374,0.036130812019109726,0.06806066632270813
-0.0434412956237793,-0.019317626953125,1.39034903049469,0.028220422565937042,0.045366495847702026,0.06509271264076233,0.08987434208393097,0.14687588810920715,0.09723219275474548,0.12412800639867783,0.09327415376901627,-0.15815117955207825,-0.18053464591503143,0.14983277022838593,0.28120359778404236,0.045127883553504944,0.04562532156705856,0.0322125181555748,-0.0528525784611702,-0.08476666361093521,-0.026804832741618156,-0.04780254140496254,-0.0843169093132019,0.021267862990498543,0.08306817710399628,0.030617905780673027,0.06161157041788101
-0.05475902557373047,-0.0046901702880859375,1.372137427330017,0.034428589046001434,0.0301302932202816,0.05918869003653526,0.1107054352760315,0.13873307406902313,0.09377683699131012,0.11588038504123688,0.0763629749417305,-0.1581270694732666,-0.10572713613510132,0.14982101321220398,0.27740606665611267,0.04140368849039078,0.09080405533313751,0.033917829394340515,-0.02583950199186802,-0.06625379621982574,-0.062401048839092255,-0.06699076294898987,-0.11608429253101349,0.03402990475296974,0.16555914282798767,0.03048008494079113,0.012326500378549099
-0.06213998794555664,0.005378708243370056,1.3567137718200684,0.039820343255996704,0.05015266686677933,0.04886939749121666,0.11617650836706161,0.14143238961696625,0.0813724547624588,0.11412645876407623,0.08045366406440735,-0.16708578169345856,-0.06545732915401459,0.14957521855831146,0.24677039682865143,0.04477381706237793,0.0693332701921463,0.02786826528608799,-0.01274397224187851,-0.04939844086766243,-0.039469413459300995,-0.08979417383670807,-0.08925585448741913,0.042828794568777084,0.17920608818531036,0.02659900113940239,0.037319764494895935
-0.07529592514038086,0.0020976231899112463,1.3525609970092773,0.05466705188155174,0.07392863184213638,0.04047603905200958,0.11534429341554642,0.14316239953041077,0.04331295192241669,0.092485211789608,0.08254411816596985,-0.14777597784996033,-0.05411078408360481,0.14934171736240387,0.24099858105182648,0.05024922639131546,0.07484558969736099,0.019457334652543068,0.01724778674542904,-0.04168541356921196,-0.02034335769712925,-0.10229511559009552,-0.05295587331056595,0.08177214115858078,0.21650849282741547,0.045011963695287704,0.09676545858383179
-0.10633993148803711,-0.017960071563720703,1.3573015928268433,0.0851694643497467,0.09727548807859421,0.04595361277461052,0.12179308384656906,0.10483750700950623,0.029867252334952354,0.06469520181417465,-0.010307938791811466,-0.14462868869304657,-0.19419904053211212,0.14951498806476593,0.30022841691970825,0.05854927375912666,0.07625898718833923,0.02859015390276909,0.03304343670606613,-0.03300013393163681,0.012039171531796455,-0.094122976064682,-0.09871023893356323,0.13254143297672272,0.11685258150100708,0.07646205276250839,0.09948361665010452
-0.12086296081542969,-0.04178619384765625,1.3650116920471191,0.13308881223201752,0.13470908999443054,0.03818724304437637,0.14688485860824585,0.10182700306177139,0.040113069117069244,0.025763310492038727,-0.06976304203271866,-0.1282445192337036,-0.15675783157348633,0.14926737546920776,0.3293980658054352,0.0949559137225151,0.09341761469841003,0.02364325523376465,0.07008568197488785,-0.009609561413526535,-0.0053677912801504135,-0.11703412979841232,-0.13122665882110596,0.12300920486450195,0.1139376163482666,0.10023266822099686,0.11835386604070663
-0.13503170013427734,-0.03762340545654297,1.3699265718460083,0.1439780443906784,0.12103986740112305,0.0324576199054718,0.1554582566022873,0.09728158265352249,0.05008530989289284,0.00624712323769927,0.01656479388475418,-0.12651284039020538,0.016974017024040222,0.14930061995983124,0.28721854090690613,0.09573822468519211,0.0637238621711731,0.023902205750346184,0.07876020669937134,-7.415911386488006e-05,0.02372625842690468,-0.12714746594429016,-0.046665169298648834,0.1164805144071579,0.1727769821882248,0.11297862231731415,0.21457511186599731
-0.14734315872192383,-0.02873516082763672,1.3740638494491577,0.14721344411373138,0.1252041459083557,0.027109090238809586,0.15711750090122223,0.09299343824386597,-0.016038767993450165,-0.0019012268166989088,-0.020504124462604523,-0.12889081239700317,0.07001467049121857,0.14907054603099823,0.17795398831367493,0.08722040802240372,-0.041359808295965195,0.02889593504369259,0.09430103749036789,0.008583859540522099,0.23593005537986755,-0.11892888695001602,0.1220255047082901,0.11467456072568893,0.1115308552980423,0.12825751304626465,0.288181871175766
-0.1315603256225586,0.004071462899446487,1.3757380247116089,0.13314616680145264,0.11769905686378479,-0.007956994697451591,0.17843756079673767,0.07391873747110367,-0.06322154402732849,-0.04860207065939903,-0.06458625197410583,-0.09700275957584381,0.12381415069103241,0.1478622704744339,0.14300400018692017,-0.019654639065265656,-0.04478786513209343,0.049763571470975876,0.12205996364355087,0.17348240315914154,0.3275962769985199,0.042132697999477386,0.15483932197093964,0.1353420615196228,0.13877351582050323,0.15000000596046448,0.2791244685649872
-0.12537622451782227,0.026724614202976227,1.458840250968933,0.11324246227741241,0.18794135749340057,-0.02968096360564232,0.2126351147890091,-0.008574400097131729,-0.062096595764160156,-0.07905333489179611,-0.016956526786088943,-0.053346700966358185,0.12447429448366165,0.15002603828907013,0.12753261625766754,-0.02993452548980713,-0.13622990250587463,0.08302536606788635,0.17832359671592712,0.26091280579566956,0.3613339066505432,0.10316409915685654,0.08362042158842087,0.1343955099582672,0.14346519112586975,0.14988912642002106,0.3196117579936981
-0.1432170867919922,0.04355214908719063,1.517857313156128,0.09628350287675858,0.19809463620185852,-0.004623389802873135,0.21076877415180206,-0.04656001925468445,0.013624949380755424,-0.09259786456823349,-0.0051370831206440926,-0.03812393546104431,0.0819249153137207,0.14186310768127441,0.1643361896276474,-0.013585568405687809,-0.11995655298233032,0.11999988555908203,0.13589735329151154,0.26831379532814026,0.22572281956672668,0.05133922025561333,-0.04612158238887787,0.0921224057674408,0.04394498094916344,0.15000002086162567,0.28151026368141174
-0.13699960708618164,0.05281765013933182,1.5285265445709229,0.09516549110412598,0.09639003127813339,-0.00857903715223074,0.10788791626691818,-0.04050300270318985,0.05150696635246277,-0.12168416380882263,-0.11066943407058716,-0.01426736917346716,0.11651848256587982,0.14238804578781128,0.2007419914007187,-0.02771642804145813,-0.016843978315591812,0.10171205550432205,0.022792767733335495,0.19404639303684235,0.0929667055606842,-0.004629346076399088,-0.02552669681608677,0.015531638637185097,-0.04983694478869438,0.15000000596046448,0.16884639859199524
-0.12407493591308594,0.038085147738456726,1.5087586641311646,0.10563373565673828,-0.013983183540403843,-0.021953580901026726,0.09143785387277603,-0.01226717233657837,0.08825411647558212,-0.11995519697666168,-0.15913204848766327,-0.004696546122431755,0.14162491261959076,0.141130268573761,0.1632189154624939,-0.04835571348667145,0.03139831870794296,0.09114766120910645,-0.0791294202208519,0.16057682037353516,0.09428614377975464,-0.02843235246837139,0.09502557665109634,-0.005541104823350906,-0.06437742710113525,0.15000000596046448,0.06829962879419327
-0.10642385482788086,0.007995213381946087,1.4907681941986084,0.12315888702869415,-0.02071049064397812,-0.04048321023583412,0.08336309343576431,0.013256995007395744,0.1616908460855484,-0.10313922166824341,-0.1357254683971405,-0.003780704690143466,-0.035566601902246475,0.14319340884685516,0.23436148464679718,-0.05886693298816681,0.02565082535147667,0.08394434303045273,-0.11829494684934616,0.14810752868652344,0.03807006776332855,-0.03421713411808014,0.07288100570440292,-0.010650561191141605,-0.08777390420436859,0.15000000596046448,0.06852877885103226
-0.11004781723022461,0.013216172344982624,1.5201855897903442,0.09770174324512482,-0.023974940180778503,-0.03429555147886276,0.1042974665760994,0.07790647447109222,0.15685760974884033,-0.03645831719040871,-0.03969753533601761,-0.0646163821220398,-0.14811652898788452,0.14997507631778717,0.2287934273481369,-0.06553848087787628,0.02253061719238758,0.059919215738773346,-0.1296049952507019,0.047414690256118774,-0.04899044334888458,-0.017655538395047188,0.05307566747069359,-0.032223112881183624,-0.042674470692873,0.13692665100097656,0.0975494235754013
-0.10397100448608398,0.016582448035478592,1.5639424324035645,0.060389742255210876,0.03821384161710739,-0.032965611666440964,0.1954585760831833,0.08478473126888275,0.1401311606168747,0.03779703378677368,0.23239614069461823,-0.12629391252994537,-0.09161904454231262,0.15021570026874542,0.09189506620168686,-0.06533405929803848,-0.11352357268333435,0.025278553366661072,-0.07547643780708313,-0.000913749448955059,-0.0217751432210207,0.021695902571082115,0.10006213188171387,-0.020642505958676338,0.017058636993169785,0.15000000596046448,0.24448196589946747
-0.07017803192138672,0.01499131042510271,1.576452612876892,0.04867209866642952,0.02416953444480896,-0.06310830265283585,0.11743482202291489,0.08363869786262512,0.13981008529663086,0.08706758171319962,0.17556513845920563,-0.16115742921829224,-0.13889729976654053,0.1471835821866989,0.13755743205547333,-0.06157661974430084,-0.11022527515888214,-0.02806231938302517,-0.10129623860120773,0.006694098003208637,0.02166133187711239,0.049972910434007645,0.09320692718029022,-0.011212448589503765,-0.01620742678642273,0.15000000596046448,0.19133716821670532
-0.05527544021606445,0.019354045391082764,1.5678611993789673,0.048061173409223557,0.0017607761546969414,-0.06750670075416565,0.15107357501983643,0.09305877238512039,0.1472586989402771,0.10606874525547028,0.1096869632601738,-0.18435294926166534,-0.10341539233922958,0.13805139064788818,0.2061058133840561,-0.06821618974208832,-0.018622461706399918,-0.03985195979475975,-0.1352146416902542,0.011446759104728699,0.03493383526802063,0.07183826714754105,0.06112765520811081,-0.02394392527639866,0.03367024287581444,0.12752027809619904,0.10741337388753891
-0.07252693176269531,0.013917757198214531,1.5767179727554321,0.04088437929749489,0.023032117635011673,-0.03177667036652565,0.2689219117164612,0.09236843138933182,0.17428694665431976,0.14589032530784607,0.1676066368818283,-0.19341138005256653,-0.06856319308280945,0.12348897755146027,0.20148679614067078,-0.016319816932082176,0.045457884669303894,-0.020109226927161217,-0.1470932811498642,-0.02599106729030609,-0.06512640416622162,0.007662713527679443,-0.0031255073845386505,-0.0008085818844847381,0.03922371193766594,0.09742923080921173,0.09138987958431244
-0.07230472564697266,0.008519495837390423,1.5671980381011963,0.04228416457772255,0.019711259752511978,-0.012178482487797737,0.12061648815870285,0.11973518878221512,0.1466488093137741,0.16182512044906616,0.12346120923757553,-0.19122691452503204,-0.2671046555042267,0.12456684559583664,0.2701347768306732,0.0053717284463346004,0.08618411421775818,-0.030491167679429054,-0.09811611473560333,-0.056294605135917664,-0.07580317556858063,-0.01898077130317688,-0.07472411543130875,0.016522793099284172,0.052251558750867844,0.0933242067694664,0.05269310995936394
-0.06608295440673828,0.006311382167041302,1.5524654388427734,0.04406120628118515,0.012921284884214401,-0.002703700680285692,0.07866189628839493,0.14540894329547882,0.13382966816425323,0.16798916459083557,0.10136984288692474,-0.1905478984117508,-0.29364198446273804,0.1282614767551422,0.3282228112220764,0.010667512193322182,0.060906995087862015,-0.048847746104002,-0.06520768254995346,-0.07146038860082626,-0.04534967243671417,-0.02733720652759075,-0.06872665882110596,0.02240286022424698,0.12161710858345032,0.09754132479429245,0.029955513775348663
-0.07929754257202148,0.013896603137254715,1.5390998125076294,0.04862065985798836,0.02944139763712883,0.028397226706147194,0.07607711106538773,0.1575109213590622,0.11032063513994217,0.1390753835439682,0.038779083639383316,-0.21530595421791077,-0.3247760236263275,0.14221586287021637,0.34747591614723206,0.013317666947841644,0.034712281078100204,-0.02979353442788124,-0.06202586740255356,-0.06445953994989395,-0.0017873328179121017,-0.056873928755521774,-0.12060420215129852,0.036651939153671265,0.08207552134990692,0.09379889816045761,0.011984569020569324
-0.08310222625732422,0.01576358824968338,1.5217900276184082,0.05545194447040558,0.038187865167856216,0.03157280385494232,0.044608861207962036,0.1565009504556656,0.03866118937730789,0.12647761404514313,0.07032693922519684,-0.21324792504310608,-0.20525163412094116,0.1498168408870697,0.23280179500579834,0.012534948997199535,0.04524517431855202,-0.017084164544939995,-8.019618690013885e-05,-0.0377848856151104,0.0746566504240036,-0.0757259875535965,-0.038739822804927826,0.056342169642448425,0.17408384382724762,0.0904124528169632,0.10137151926755905
-0.09928226470947266,0.004004332702606916,1.506687879562378,0.0749221071600914,0.0653742104768753,0.03675581514835358,0.09075990319252014,0.1198531836271286,0.020729253068566322,0.11747048050165176,0.0917629674077034,-0.2087356448173523,-0.16100433468818665,0.14895328879356384,0.22220002114772797,0.020855320617556572,0.06103140488266945,0.004911931697279215,0.04224516451358795,-0.024545053020119667,0.03434663265943527,-0.09008174389600754,-0.051806773990392685,0.08900585770606995,0.17065437138080597,0.10037277638912201,0.13812664151191711
-0.10713720321655273,-0.01291513442993164,1.504301905632019,0.105719655752182,0.09721581637859344,0.03480369970202446,0.05236046388745308,0.09902436286211014,0.07045761495828629,0.09564399719238281,-0.08973333984613419,-0.2020869106054306,-0.2613857388496399,0.14963632822036743,0.3425132930278778,0.04431341961026192,0.10285529494285583,0.01559062022715807,0.019750962033867836,-0.005780418869107962,-0.0031584929674863815,-0.10917431861162186,-0.18473577499389648,0.11185897141695023,0.0507323332130909,0.1030413806438446,0.0624040849506855
-0.09977579116821289,-0.01305246353149414,1.50929856300354,0.11334416270256042,0.1421905755996704,0.024708449840545654,0.07928333431482315,0.0930667370557785,0.09075184911489487,0.07593909651041031,-0.05218261480331421,-0.18826977908611298,-0.15501275658607483,0.14935262501239777,0.3478945195674896,0.051130421459674835,0.05041631683707237,0.007409538608044386,0.039003126323223114,0.008241827599704266,0.08436192572116852,-0.11655629426240921,-0.10753369331359863,0.10892657190561295,0.11375768482685089,0.10633014887571335,0.1567511409521103
-0.0902400016784668,-0.011396408081054688,1.4978522062301636,0.11960010230541229,0.12716129422187805,0.015335562638938427,0.10559995472431183,0.10560310631990433,0.020785309374332428,0.06107044219970703,0.013815067708492279,-0.1821793019771576,-0.13554887473583221,0.14925958216190338,0.2599729597568512,0.026512397453188896,-0.01154639944434166,0.0015792796621099114,0.05928806960582733,0.0444527305662632,0.21954183280467987,-0.08031504601240158,0.04529046267271042,0.09377188980579376,0.1473904252052307,0.12539911270141602,0.23782208561897278
-0.07827138900756836,-0.011657238006591797,1.488353967666626,0.14034423232078552,0.10913578420877457,0.0013957215705886483,0.13863509893417358,0.11577046662569046,-0.01717911846935749,0.018071593716740608,-0.0814819261431694,-0.1604429930448532,-0.08528505265712738,0.14907419681549072,0.25532302260398865,-0.007939877919852734,0.0024627558887004852,0.0028339363634586334,0.06707347929477692,0.11855859309434891,0.25248003005981445,-0.019821304827928543,0.07026088982820511,0.0840773656964302,0.12330085039138794,0.14989081025123596,0.20928314328193665
-0.07910394668579102,-0.004949092864990234,1.5194237232208252,0.13859611749649048,0.1533045470714569,-5.550438800128177e-05,0.20507563650608063,0.08415820449590683,-0.01881410926580429,-0.015085599385201931,-0.05841286852955818,-0.12974795699119568,0.0878138318657875,0.1488872915506363,0.22337909042835236,-0.018812214955687523,-0.04489172622561455,0.01509961485862732,0.09912454336881638,0.16429457068443298,0.24539077281951904,0.0028040288016200066,0.032170917838811874,0.09925849735736847,0.13817791640758514,0.1498258113861084,0.2682892084121704
-0.07735681533813477,0.0023243597242981195,1.5570858716964722,0.1282753348350525,0.1908014416694641,0.009724517352879047,0.2162453681230545,0.0455632284283638,-0.01148991473019123,-0.04870842769742012,-0.01710427924990654,-0.06503788381814957,0.13634037971496582,0.08466824144124985,0.14950767159461975,-0.03454499691724777,-0.1033266931772232,0.039193082600831985,0.13935278356075287,0.22293473780155182,0.24440452456474304,0.02977769821882248,0.021957673132419586,0.10675334185361862,0.08829204738140106,0.15000000596046448,0.30887678265571594
-0.08394193649291992,-0.00030517578125,1.593232274055481,0.12399372458457947,0.14599117636680603,0.02174808457493782,0.10746549814939499,0.007989161647856236,0.0044482131488621235,-0.06909780204296112,-0.06855706870555878,-0.03340337797999382,0.016748711466789246,0.08130475878715515,0.16083194315433502,-0.042902059853076935,-0.09742487967014313,0.07412534952163696,0.08077993243932724,0.2478390336036682,0.26060041785240173,0.04109355807304382,0.0616915300488472,0.0975116565823555,0.02232549525797367,0.15000000596046448,0.2632146179676056
-0.08506393432617188,-0.0035653114318847656,1.62388014793396,0.12469551712274551,0.08414328843355179,0.03080861270427704,0.1152094379067421,0.001309871906414628,0.06324127316474915,-0.09316617250442505,-0.14547313749790192,-0.03235816955566406,-0.03661862015724182,0.1134205162525177,0.19687263667583466,-0.054275032132864,-0.029357291758060455,0.08866643160581589,0.010856914333999157,0.21930031478405,0.1725316047668457,0.04438922181725502,0.06271971762180328,0.030186042189598083,-0.031985316425561905,0.15000000596046448,0.16075274348258972
-0.06888389587402344,-0.014197826385498047,1.6330251693725586,0.12186772376298904,0.05441790819168091,0.022020068019628525,0.15206511318683624,0.0032219986896961927,0.1189984604716301,-0.08964632451534271,-0.058348555117845535,-0.019986432045698166,0.014813500456511974,0.115076944231987,0.18479017913341522,-0.06329649686813354,-0.04346222057938576,0.08226469904184341,-0.008601931855082512,0.2043241560459137,0.11418130993843079,0.04280571639537811,0.08867564052343369,0.009769367054104805,-0.020698850974440575,0.15000000596046448,0.20244234800338745
-0.043163299560546875,-0.02987384796142578,1.6276931762695312,0.12465232610702515,0.0001201508566737175,0.004271977581083775,0.0831611305475235,0.017450138926506042,0.13096940517425537,-0.0755561888217926,-0.11051184684038162,-0.024685552343726158,-0.07938531041145325,0.11079178750514984,0.19290946424007416,-0.06678622215986252,0.008301053196191788,0.06515540182590485,-0.07071509212255478,0.19646677374839783,0.062013544142246246,0.04150018095970154,0.06317335367202759,0.0013288201298564672,-0.09079043567180634,0.15000000596046448,0.13797350227832794
-0.023180007934570312,-0.04206371307373047,1.65531587600708,0.08171714842319489,-0.0050746975466609,0.0012371488846838474,0.12634651362895966,0.06444752216339111,0.1502392441034317,0.0012485017068684101,-0.04542533680796623,-0.048761043697595596,-0.08968311548233032,0.1332480013370514,0.20410402119159698,-0.05500001460313797,0.020952189341187477,0.027701538056135178,-0.11092935502529144,0.1056036502122879,-0.003782631829380989,0.036437954753637314,0.032114334404468536,-0.03128523752093315,-0.08599360287189484,0.12200885266065598,0.1174289807677269
-0.024554729461669922,-0.0635533332824707,1.7099926471710205,0.05268498510122299,0.059176474809646606,0.027313342317938805,0.15147249400615692,0.10647547990083694,0.17101158201694489,0.06599245220422745,0.09543587267398834,-0.06291237473487854,-0.09042229503393173,0.136947900056839,0.17247088253498077,-0.030904294922947884,-0.0675765722990036,0.013027576729655266,-0.09929214417934418,0.050494302064180374,-0.006610514596104622,0.05576813966035843,0.0015739601803943515,-0.024884769693017006,-0.05750754848122597,0.13948212563991547,0.1689930558204651
-0.01957416534423828,-0.07111740112304688,1.733384609222412,0.03398914635181427,0.06420166045427322,0.04458530619740486,0.1678316444158554,0.13047504425048828,0.14370033144950867,0.11082231253385544,0.16639651358127594,-0.08413400501012802,-0.1397363841533661,0.12047222256660461,0.1360558271408081,-0.03531699627637863,-0.12470459938049316,-0.0011050644097849727,-0.08445479720830917,0.026984119787812233,0.055642351508140564,0.08780883997678757,0.07845532149076462,-0.010808602906763554,-0.0054978616535663605,0.14993007481098175,0.1795622855424881
-0.00658416748046875,-0.07167959213256836,1.742453932762146,0.029887700453400612,-0.019236285239458084,0.03851153329014778,0.14960084855556488,0.1413283497095108,0.1506435126066208,0.13439226150512695,0.06379298120737076,-0.11072903126478195,-0.16506549715995789,0.12063375860452652,0.19141776859760284,-0.0339176245033741,-0.00878320075571537,-0.021659940481185913,-0.1563800871372223,0.0034266437869518995,0.011481126770377159,0.1018362045288086,0.07788840681314468,0.0021900644060224295,0.0031502358615398407,0.09188245981931686,0.05583256483078003
-0.007945060729980469,-0.06583404541015625,1.7580931186676025,0.030486153438687325,0.01793086715042591,0.03656792268157005,0.1787623018026352,0.14148448407649994,0.180659219622612,0.13544994592666626,0.08259912580251694,-0.11570959538221359,-0.1321297287940979,0.1440916657447815,0.25549787282943726,-0.0070504373870790005,0.05054774507880211,-0.023464957252144814,-0.13673901557922363,-0.014126349240541458,-0.07469628751277924,0.07357484102249146,-0.01469151396304369,-0.0008952697389759123,0.01155790314078331,0.05444071441888809,0.07987494021654129
-0.03093242645263672,-0.060122013092041016,1.7823137044906616,0.03225243091583252,0.032052040100097656,0.056108977645635605,0.1304263025522232,0.1391170769929886,0.15585680305957794,0.14077141880989075,0.1141238883137703,-0.13188359141349792,-0.15248626470565796,0.14965379238128662,0.3010839521884918,0.05077804625034332,0.0609530545771122,-0.012787106446921825,-0.09504719823598862,-0.04289580509066582,-0.09413383901119232,-0.002136880997568369,-0.050803426653146744,0.011072220280766487,0.03562359884381294,0.06313188374042511,0.12180836498737335
-0.04416513442993164,-0.03951311111450195,1.7745531797409058,0.03645975515246391,0.05161438137292862,0.06127011030912399,0.11791118234395981,0.14643818140029907,0.09733905643224716,0.1357305496931076,0.08425860106945038,-0.16523222625255585,-0.23046912252902985,0.14959894120693207,0.3037301301956177,0.06267064809799194,0.04380469024181366,-0.00982649065554142,-0.0461084246635437,-0.03948061540722847,-0.0037820320576429367,-0.04258627071976662,-0.07405390590429306,0.027309540659189224,0.06911370158195496,0.07708705961704254,0.09667129814624786
-0.0534510612487793,-0.011316776275634766,1.7622016668319702,0.037167180329561234,0.021348025649785995,0.058713581413030624,0.08213641494512558,0.14999490976333618,0.10344305634498596,0.11137757450342178,0.0578899011015892,-0.1509166955947876,-0.12911802530288696,0.14969222247600555,0.2856349050998688,0.06111504137516022,0.08546595275402069,-0.00874912366271019,-0.053589724004268646,-0.030795356258749962,-0.012956948950886726,-0.07664115726947784,-0.07611924409866333,0.04006042703986168,0.13478372991085052,0.06617889553308487,0.06496093422174454
-0.06268978118896484,0.010501564480364323,1.744336724281311,0.0460997149348259,0.06682370603084564,0.05138671025633812,0.06936410814523697,0.16010445356369019,0.08838950842618942,0.0809415727853775,0.0681295096874237,-0.14380590617656708,-0.03655707463622093,0.14955568313598633,0.2563484311103821,0.04358680546283722,0.044509124010801315,-0.01193093229085207,-0.027132732793688774,-0.010979125276207924,0.04911423474550247,-0.08203346282243729,-0.03896385431289673,0.06028014421463013,0.1992807537317276,0.07833646982908249,0.12134470790624619
-0.08319568634033203,0.01362819317728281,1.7398507595062256,0.056105565279722214,0.08160712569952011,0.05250013992190361,0.12317443639039993,0.14445273578166962,0.04814082384109497,0.0710977241396904,0.0820654109120369,-0.14095202088356018,-0.06404145807027817,0.14936858415603638,0.2623281478881836,0.036655351519584656,0.057655613869428635,-0.009203711524605751,0.019905274733901024,-0.0024524794425815344,0.0508388951420784,-0.07764110714197159,-0.036151863634586334,0.09676685184240341,0.20447982847690582,0.10025539994239807,0.1699468493461609
-0.11150169372558594,-0.0026187896728515625,1.748516321182251,0.0879378467798233,0.1088976189494133,0.05919187143445015,0.14589081704616547,0.11298374831676483,0.02715480886399746,0.04957827180624008,-0.026539485901594162,-0.147910475730896,-0.1590152531862259,0.14948102831840515,0.2976658046245575,0.06188013777136803,0.09558342397212982,0.002623495412990451,0.04567411541938782,0.01086505688726902,0.03792790323495865,-0.08846193552017212,-0.10337194800376892,0.13412703573703766,0.13937248289585114,0.1265663057565689,0.14417538046836853
-0.1258230209350586,-0.011187553405761719,1.7686911821365356,0.10661498457193375,0.14414337277412415,0.0541234165430069,0.14360661804676056,0.09426071494817734,0.07078298181295395,0.03658550605177879,-0.027228496968746185,-0.14170193672180176,-0.06533807516098022,0.14879877865314484,0.32046112418174744,0.08675112575292587,0.10885556042194366,0.0004363649059087038,0.08426553755998611,0.01636980101466179,-0.02894546650350094,-0.10287909209728241,-0.1516435444355011,0.15402968227863312,0.15395203232765198,0.14203928411006927,0.17013207077980042
-0.1277456283569336,-0.005042552947998047,1.7818652391433716,0.11014790087938309,0.14027389883995056,0.03806319087743759,0.12275885045528412,0.08251597732305527,0.05650154501199722,0.022567585110664368,0.006679928861558437,-0.13817906379699707,-0.009963721968233585,0.1490221917629242,0.27778324484825134,0.07702706009149551,0.02335771732032299,-0.0037778709083795547,0.08043483644723892,0.04617418721318245,0.12777738273143768,-0.08588258922100067,-0.027617894113063812,0.1518537700176239,0.1352979987859726,0.14995865523815155,0.2610935866832733
-0.11513280868530273,0.00611270684748888,1.7866684198379517,0.1131020337343216,0.1212724819779396,0.01364929974079132,0.13725389540195465,0.07434593886137009,-0.01832088828086853,-0.009434334002435207,-0.030335526913404465,-0.11838649213314056,0.005913886241614819,0.12445862591266632,0.17734186351299286,0.014875564724206924,-0.026627928018569946,0.007679642178118229,0.08261313289403915,0.1624245047569275,0.3051505386829376,0.02337874472141266,0.13117188215255737,0.11665394902229309,0.09928955137729645,0.14982210099697113,0.3039689064025879
-0.10985517501831055,0.015506754629313946,1.8179723024368286,0.10994173586368561,0.14748519659042358,-0.005271079950034618,0.18084844946861267,0.044247377663850784,-0.018987253308296204,-0.03563927486538887,-0.032821182161569595,-0.09502580016851425,0.03930976986885071,0.12041794508695602,0.19061565399169922,-0.008804352954030037,-0.053284864872694016,0.03263178840279579,0.11551893502473831,0.25776389241218567,0.31033554673194885,0.0690889060497284,0.07555752992630005,0.10313683748245239,0.09888266026973724,0.1499452441930771,0.3150937855243683
-0.1099710464477539,0.025176621973514557,1.8534036874771118,0.11613741517066956,0.16417324542999268,-0.017373139038681984,0.18130390346050262,0.00894252210855484,0.023650655522942543,-0.08225201070308685,-0.08719011396169662,-0.060132626444101334,0.0720798596739769,0.12814445793628693,0.22744689881801605,-0.005674620158970356,-0.03986150026321411,0.04578053206205368,0.10989386588335037,0.26684197783470154,0.21953770518302917,0.032725971192121506,-0.016109531745314598,0.09115023165941238,0.06476839631795883,0.15000000596046448,0.2538144290447235
-0.10941457748413086,0.03515653312206268,1.870435357093811,0.10790059715509415,0.10317554324865341,-0.024539899080991745,0.1612255722284317,-0.007224835455417633,0.05556116998195648,-0.10214943438768387,-0.08038455992937088,-0.036608632653951645,0.08002252131700516,0.1335807740688324,0.1912149339914322,-0.029155733063817024,-0.023440059274435043,0.056534696370363235,0.04774525761604309,0.22445905208587646,0.18289417028427124,0.016589341685175896,0.02957809902727604,0.04000161588191986,0.011373938992619514,0.15000000596046448,0.20477917790412903
-0.09969043731689453,0.03290315717458725,1.8716411590576172,0.102684386074543,0.048911161720752716,-0.03705420717597008,0.1040121540427208,0.0007933331653475761,0.06460526585578918,-0.10281843692064285,-0.12004102021455765,-0.02931653894484043,0.025176864117383957,0.13653816282749176,0.14185169339179993,-0.066362164914608,-0.037557750940322876,0.06578105688095093,-0.013735545799136162,0.19924728572368622,0.20705267786979675,0.04995790123939514,0.12533146142959595,-0.02272540144622326,-0.07026007771492004,0.15000000596046448,0.16331005096435547
-0.08528470993041992,0.01968201994895935,1.8816300630569458,0.09807471185922623,0.03702988848090172,-0.05088410526514053,0.1471197009086609,0.015271566808223724,0.10625841468572617,-0.08425088971853256,-0.08451845496892929,-0.03491931036114693,-0.00871263351291418,0.13774552941322327,0.19059596955776215,-0.07544151693582535,-0.025376394391059875,0.0619063600897789,-0.05772295594215393,0.17154859006404877,0.13901309669017792,0.06788519769906998,0.12325882166624069,-0.041933197528123856,-0.05192175880074501,0.15000000596046448,0.1725853681564331
-0.06359338760375977,0.0031209862791001797,1.890757441520691,0.09306615591049194,0.04331684857606888,-0.0701834112405777,0.18864741921424866,0.033586591482162476,0.14863933622837067,-0.056561507284641266,-0.02576782926917076,-0.04311809688806534,-0.07616271823644638,0.13803964853286743,0.2632640302181244,-0.06287510693073273,-0.002727638930082321,0.04110555350780487,-0.0823327898979187,0.1388319879770279,-0.004422755911946297,0.06232529506087303,0.023752538487315178,-0.04369265213608742,-0.05254727229475975,0.15000000596046448,0.17414742708206177
-0.03898000717163086,-0.008265972137451172,1.889859676361084,0.08266796916723251,0.017458349466323853,-0.08691245317459106,0.17927023768424988,0.06295817345380783,0.1739121526479721,-0.02399396151304245,-0.001850700005888939,-0.057224784046411514,-0.11036260426044464,0.13548161089420319,0.27019909024238586,-0.04440641403198242,0.04187117516994476,0.011509922333061695,-0.11959774047136307,0.09469687938690186,-0.09705899655818939,0.04017939418554306,-0.036001089960336685,-0.04776313155889511,-0.0789719820022583,0.1472814679145813,0.12338174879550934
-0.02962970733642578,-0.021416187286376953,1.8898658752441406,0.08477683365345001,-0.017059482634067535,-0.09170255064964294,0.1546923965215683,0.07680533826351166,0.18919499218463898,-0.0075996676459908485,0.03701166436076164,-0.06409843266010284,-0.07320071756839752,0.1337345838546753,0.23637275397777557,-0.04175635799765587,0.03861396387219429,0.004869835916906595,-0.16199138760566711,0.08788029849529266,-0.09818810224533081,0.05699945613741875,0.018112704157829285,-0.02768002822995186,-0.08142080903053284,0.1297389417886734,0.10631122440099716
-0.03625059127807617,-0.023732662200927734,1.903018832206726,0.06380265206098557,0.005051848478615284,-0.07455851882696152,0.20400060713291168,0.08638840913772583,0.17293678224086761,0.029672127217054367,0.13756971061229706,-0.07857907563447952,-0.07551021873950958,0.1269685924053192,0.15259714424610138,-0.040290769189596176,-0.03982965275645256,0.0033706314861774445,-0.14867962896823883,0.06818895787000656,0.00919237919151783,0.06305564194917679,0.09103260934352875,-0.029712116345763206,-0.02276870235800743,0.14241333305835724,0.14003992080688477
-0.037786006927490234,-0.025190353393554688,1.9068653583526611,0.0546143464744091,0.023162133991718292,-0.0610082633793354,0.2008027881383896,0.10360077023506165,0.14999601244926453,0.046444013714790344,0.1891503930091858,-0.0859825536608696,-0.16017544269561768,0.11953647434711456,0.14474856853485107,-0.03621228039264679,-0.047073375433683395,-0.00566827692091465,-0.11478728801012039,0.054548051208257675,0.02073257975280285,0.06417416781187057,0.07745285332202911,-0.03030623123049736,0.04511922970414162,0.14997035264968872,0.14334022998809814
-0.036011695861816406,-0.0233154296875,1.9035547971725464,0.05021103844046593,0.01355894934386015,-0.05627390742301941,0.17432920634746552,0.11568981409072876,0.14790122210979462,0.052375636994838715,0.1479794830083847,-0.09019309282302856,-0.19119952619075775,0.11587043106555939,0.19767425954341888,-0.033287834376096725,0.020004425197839737,-0.01819170080125332,-0.1199888214468956,0.045936401933431625,-0.04156244546175003,0.06231161952018738,0.013063143007457256,-0.028072325512766838,0.08891923725605011,0.14827734231948853,0.09705621749162674
-0.06156635284423828,-0.03429222106933594,1.912016749382019,0.03637636452913284,0.018412191420793533,-0.020091967657208443,0.143264502286911,0.1361435353755951,0.14885564148426056,0.11708324402570724,0.10398434847593307,-0.14456847310066223,-0.2014419138431549,0.14963892102241516,0.27686169743537903,0.03257438912987709,0.06964515149593353,-0.008422229439020157,-0.08728517591953278,-0.01532619446516037,-0.0752534344792366,-0.029300419613718987,-0.07855963706970215,0.03150743991136551,0.09380465745925903,0.0967479944229126,0.08410806208848953
-0.07691478729248047,-0.0357661247253418,1.8926488161087036,0.03579317033290863,0.022016864269971848,0.0036207162775099277,0.1259763389825821,0.1582755148410797,0.1238899752497673,0.13815529644489288,0.05501590296626091,-0.1549573540687561,-0.20221751928329468,0.14787410199642181,0.2940120995044708,0.05003264546394348,0.07957692444324493,-0.007418995723128319,-0.07572228461503983,-0.0419633612036705,-0.03380614519119263,-0.06088061258196831,-0.07746479660272598,0.049851372838020325,0.07221829891204834,0.08475799858570099,0.09236778318881989
-0.08147811889648438,-0.032987117767333984,1.8675086498260498,0.04171747341752052,0.006363267544656992,0.009298121556639671,0.07200314849615097,0.1819002777338028,0.08701632171869278,0.1443219929933548,0.06247612461447716,-0.1721717119216919,-0.19989463686943054,0.14924606680870056,0.2424919754266739,0.04812752082943916,0.07826562225818634,-0.01894955523312092,-0.04989278316497803,-0.048038095235824585,0.03794523701071739,-0.06643503904342651,-0.018280966207385063,0.05622395873069763,0.11733797192573547,0.08850263804197311,0.12017460912466049
-0.08365154266357422,-0.02527141571044922,1.8572219610214233,0.04399993643164635,0.03538840264081955,0.006430723704397678,0.02099924348294735,0.1920720934867859,0.09633377194404602,0.14092089235782623,0.05805180221796036,-0.18032479286193848,-0.18310010433197021,0.14924420416355133,0.23291046917438507,0.044033825397491455,0.04987334832549095,-0.02901730313897133,-0.038199491798877716,-0.04248039051890373,0.08756197988986969,-0.06953045725822449,-0.025504376739263535,0.055969979614019394,0.12286528944969177,0.10199868679046631,0.1439932882785797
-0.08538150787353516,-0.015557289123535156,1.856506586074829,0.044212520122528076,0.09467999637126923,-0.00044223773875273764,0.0370311439037323,0.19307546317577362,0.08310539275407791,0.13415645062923431,0.04697393253445625,-0.18451380729675293,-0.1629386991262436,0.1492040902376175,0.28665396571159363,0.04226619750261307,0.04108663275837898,-0.03632311522960663,0.004971514455974102,-0.04103394225239754,0.06879439204931259,-0.07298773527145386,-0.0709940493106842,0.05263420566916466,0.1424722820520401,0.11158417165279388,0.17673259973526
-0.09171724319458008,-0.013539314270019531,1.8425465822219849,0.0674096941947937,0.10745646804571152,-0.00682514812797308,0.0827920064330101,0.19462010264396667,0.027353255078196526,0.10128709673881531,0.03644818812608719,-0.17836953699588776,-0.10888295620679855,0.14904673397541046,0.26784947514533997,0.03221088647842407,0.028752312064170837,-0.03716789186000824,0.051162973046302795,-0.016736207529902458,0.12864159047603607,-0.06514613330364227,-0.021556764841079712,0.07220131158828735,0.1796284168958664,0.12451861053705215,0.22654207050800323
-0.10202360153198242,-0.018006324768066406,1.8353958129882812,0.11410608142614365,0.1249922439455986,-0.017428722232580185,0.12243948876857758,0.1812867820262909,0.005535354372113943,0.023188775405287743,-0.051848962903022766,-0.14283086359500885,-0.045129064470529556,0.14673592150211334,0.24926279485225677,0.01861744560301304,0.030235864222049713,-0.021600954234600067,0.07059860974550247,0.06630182266235352,0.17345017194747925,-0.040753018110990524,0.003123781643807888,0.1104603037238121,0.1608630120754242,0.1498938649892807,0.22253146767616272
-0.12343740463256836,-0.01657724380493164,1.8811602592468262,0.1289263367652893,0.15494169294834137,-0.010233969427645206,0.13708238303661346,0.12682420015335083,0.009598877280950546,-0.024970345199108124,-0.03604498505592346,-0.1047568991780281,0.023328419774770737,0.15012679994106293,0.23508648574352264,0.020151086151599884,0.005191449075937271,0.016353650018572807,0.08620384335517883,0.1444474160671234,0.20464050769805908,-0.01798439770936966,-0.0010025996016338468,0.15082141757011414,0.16974259912967682,0.14999079704284668,0.2753562331199646
-0.14695119857788086,-0.014063358306884766,1.9371484518051147,0.11869879812002182,0.20565654337406158,0.0084722600877285,0.13216616213321686,0.06821690499782562,0.0003601042553782463,-0.028119122609496117,0.012992843985557556,-0.08629704266786575,-0.034038372337818146,0.14811362326145172,0.20251032710075378,0.011980870738625526,-0.07738073170185089,0.06977462023496628,0.13292904198169708,0.22156034409999847,0.2766807973384857,0.023998986929655075,0.010477106086909771,0.1362946778535843,0.10405595600605011,0.15000000596046448,0.3518591821193695
-0.16050481796264648,-0.019110679626464844,1.9716367721557617,0.12479740381240845,0.15404099225997925,0.017206916585564613,0.09803817421197891,0.03346976265311241,0.01665280945599079,-0.03723780810832977,-0.0953754186630249,-0.0735316351056099,-0.06303416937589645,0.14922095835208893,0.2588239312171936,0.0063475677743554115,-0.03238024190068245,0.09982456266880035,0.08785897493362427,0.2467830777168274,0.2396256923675537,0.03306543454527855,0.011768822558224201,0.11035212129354477,0.04359934851527214,0.15000000596046448,0.27280786633491516
-0.14833450317382812,-0.009724140167236328,1.9885871410369873,0.14382968842983246,0.10234915465116501,-0.0014493659837171435,0.09648451954126358,0.02047833241522312,0.054494693875312805,-0.09891565144062042,-0.16852392256259918,-0.03843013569712639,0.012480116449296474,0.1500759720802307,0.27382543683052063,-0.006789823062717915,0.01628815568983555,0.08265136182308197,0.054502323269844055,0.2238030880689621,0.19619789719581604,0.00104533729609102,-0.0008131127106025815,0.05778394266963005,0.03209540620446205,0.15000000596046448,0.19966500997543335
-0.1337423324584961,0.005803859792649746,2.0043301582336426,0.1331838220357895,0.09326744824647903,-0.013347993604838848,0.1494535654783249,0.020944716408848763,0.08240386843681335,-0.1206793263554573,-0.05370381101965904,-0.021261412650346756,0.14776816964149475,0.14931437373161316,0.1865672469139099,-0.032553378492593765,-0.023984704166650772,0.07065422087907791,0.05251622945070267,0.20473994314670563,0.19611942768096924,-0.014986293390393257,0.04507588595151901,0.04079277813434601,0.03241893649101257,0.15000000596046448,0.2735116481781006
-0.11349058151245117,0.0057146898470819,2.020772695541382,0.12057877331972122,0.08173418790102005,-0.034660208970308304,0.09457318484783173,0.011770738288760185,0.05184631422162056,-0.10370108485221863,-0.061814527958631516,-0.023821139708161354,0.06456761807203293,0.14929884672164917,0.09408708661794662,-0.05547545850276947,-0.07483343780040741,0.06406641006469727,0.04339022934436798,0.21023869514465332,0.25876036286354065,0.01426276471465826,0.09934133291244507,0.014972819946706295,-0.043243054300546646,0.15000000596046448,0.27374282479286194
-0.08898258209228516,-0.0027098655700683594,2.0323374271392822,0.10554632544517517,0.06792827695608139,-0.05567260459065437,0.13225187361240387,0.016360213980078697,0.07917782664299011,-0.06501567363739014,-0.049497250467538834,-0.03922465071082115,-0.0005899053066968918,0.14639602601528168,0.11957080662250519,-0.07040740549564362,-0.06153738871216774,0.05339539423584938,0.0004363562911748886,0.20539377629756927,0.1963014304637909,0.049986738711595535,0.09964364767074585,-0.01177254319190979,-0.03913480415940285,0.15000000596046448,0.22391943633556366
-0.07065391540527344,-0.014269351959228516,2.048891544342041,0.07640191912651062,0.049673955887556076,-0.05009651929140091,0.2058209329843521,0.07056982815265656,0.16316315531730652,0.0050421711057424545,0.016202889382839203,-0.075063057243824,-0.012922915630042553,0.13286273181438446,0.19950468838214874,-0.06187066808342934,-0.03890407085418701,0.021050265058875084,-0.0868799015879631,0.09744518995285034,0.029219070449471474,0.04499325901269913,0.058864519000053406,-0.02030961401760578,-0.02703522890806198,0.15000000596046448,0.15770146250724792
-0.04251241683959961,-0.03000164031982422,2.039229154586792,0.07234834134578705,0.015736527740955353,-0.05323999002575874,0.1916019767522812,0.11636430770158768,0.17786474525928497,0.04243532568216324,0.027951523661613464,-0.0961679220199585,-0.08703681826591492,0.11798965930938721,0.22253842651844025,-0.06274407356977463,-0.006825793534517288,-0.010077920742332935,-0.13313055038452148,0.04772845655679703,-0.028714435175061226,0.058343905955553055,0.0839911550283432,-0.006453567650169134,-0.03851410746574402,0.13962052762508392,0.13269029557704926
-0.034214019775390625,-0.04829216003417969,2.056098699569702,0.07560829073190689,-0.008403829298913479,-0.04497246444225311,0.2139594405889511,0.12383213639259338,0.16830472648143768,0.06516332924365997,0.061506081372499466,-0.10311751067638397,-0.15930485725402832,0.10830142349004745,0.23206284642219543,-0.05287344008684158,0.021289553493261337,-0.016929350793361664,-0.17090259492397308,0.03197672590613365,-0.051761262118816376,0.07960684597492218,0.09943388402462006,0.0006165812374092638,-0.07279819250106812,0.13045775890350342,0.1349884271621704
-0.03751564025878906,-0.0562591552734375,2.0848960876464844,0.06509262323379517,0.040283046662807465,-0.024842461571097374,0.2301613837480545,0.13178065419197083,0.17931629717350006,0.08896100521087646,0.11286137253046036,-0.10809211432933807,-0.19964508712291718,0.1213163286447525,0.26607778668403625,-0.03042718395590782,0.01575486734509468,-0.019482092931866646,-0.14861126244068146,0.0021938360296189785,-0.07457214593887329,0.07373854517936707,0.021373139694333076,-0.008808892220258713,-0.04826458916068077,0.13730624318122864,0.15724369883537292
-0.05326700210571289,-0.06253290176391602,2.1144559383392334,0.048645343631505966,0.04072549194097519,0.012605863623321056,0.15117834508419037,0.1624865084886551,0.18918029963970184,0.1359705924987793,0.11892638355493546,-0.1543951779603958,-0.20491817593574524,0.14965978264808655,0.31431442499160767,0.020021822303533554,0.027126280590891838,-0.013547804206609726,-0.11376836150884628,-0.04613305255770683,-0.09035497903823853,0.012521717697381973,-0.052827443927526474,0.027958758175373077,0.023317787796258926,0.12877433001995087,0.13276921212673187
-0.059411048889160156,-0.051868438720703125,2.1193699836730957,0.040598295629024506,0.03708731755614281,0.032481078058481216,0.14015699923038483,0.1809621900320053,0.15914864838123322,0.14799323678016663,0.1097470074892044,-0.16828922927379608,-0.20118138194084167,0.14936988055706024,0.28461241722106934,0.028684265911579132,0.01803581789135933,-0.009373154491186142,-0.10521829128265381,-0.05728360265493393,-0.024160614237189293,-0.010766252875328064,-0.04637039452791214,0.033475447446107864,0.03940106928348541,0.11157771199941635,0.10629034042358398
-0.06357383728027344,-0.03915262222290039,2.1122360229492188,0.03776291012763977,0.014364155940711498,0.03773600235581398,0.1320853978395462,0.1890362948179245,0.13973365724086761,0.14724132418632507,0.10491802543401718,-0.16941103339195251,-0.18001791834831238,0.1492544710636139,0.25913572311401367,0.02730666473507881,0.053462620824575424,-0.0026736357249319553,-0.1017780601978302,-0.05198969691991806,0.011034073308110237,-0.02243771217763424,-0.020725421607494354,0.036282382905483246,0.06614963710308075,0.097441665828228,0.09208323806524277
-0.06888484954833984,-0.03215217590332031,2.1010282039642334,0.052270375192165375,0.03361427038908005,0.03878661245107651,0.09936299175024033,0.19947181642055511,0.1206083819270134,0.1297670602798462,0.06172672286629677,-0.1625017672777176,-0.1810390055179596,0.1495957374572754,0.26763400435447693,0.03988025337457657,0.06936244666576385,0.004929836373776197,-0.06310372799634933,-0.03293193131685257,0.044371455907821655,-0.0507979579269886,-0.05080123990774155,0.04935378581285477,0.12344257533550262,0.06993617117404938,0.08750231564044952
-0.08349180221557617,-0.021366596221923828,2.10067081451416,0.0617804192006588,0.053152408450841904,0.04315446689724922,0.109708271920681,0.19387571513652802,0.10456231236457825,0.11508411169052124,0.05634267255663872,-0.16931286454200745,-0.1871451735496521,0.14950120449066162,0.29066094756126404,0.07111489772796631,0.10164579749107361,0.013929749839007854,-0.01214379258453846,-0.033817190676927567,-0.01608303375542164,-0.11345913261175156,-0.12907104194164276,0.07470355927944183,0.1641765534877777,0.062213651835918427,0.07900816202163696
-0.09627056121826172,-0.006131172180175781,2.0985031127929688,0.06497004628181458,0.08754918724298477,0.0417889803647995,0.10063857585191727,0.1793901026248932,0.08988118916749954,0.10325690358877182,0.0709734559059143,-0.17860780656337738,-0.14185340702533722,0.1480063647031784,0.29477643966674805,0.07281415909528732,0.08274714648723602,0.015326126478612423,-0.000583563931286335,-0.03167175129055977,-0.015461256727576256,-0.13428747653961182,-0.12951825559139252,0.09111739695072174,0.16253872215747833,0.07234258949756622,0.1363731026649475
-0.10347938537597656,-0.0002808570861816406,2.0968315601348877,0.08451443910598755,0.11437268555164337,0.028401518240571022,0.08713050931692123,0.17217761278152466,0.06468676775693893,0.06851859390735626,0.029642164707183838,-0.16934190690517426,-0.08281008899211884,0.1495259702205658,0.3075903356075287,0.06823715567588806,0.06453116983175278,0.004434157162904739,0.019413156434893608,-0.025549737736582756,0.03421337157487869,-0.12806065380573273,-0.090606689453125,0.10257077217102051,0.1743616908788681,0.10498189926147461,0.18291983008384705
-0.11872339248657227,0.0005879626260139048,2.0990731716156006,0.09729117155075073,0.13413041830062866,0.024438923224806786,0.13924895226955414,0.15887606143951416,0.03298182785511017,0.04821331053972244,0.023623980581760406,-0.1608968824148178,-0.03127085044980049,0.14912378787994385,0.2983231842517853,0.055279310792684555,0.03739376738667488,0.0006157515454106033,0.0506315678358078,-0.01512924674898386,0.11586423218250275,-0.10630142688751221,-0.033744700253009796,0.12737330794334412,0.21006695926189423,0.13904917240142822,0.24582409858703613
-0.1340937614440918,-0.008875846862792969,2.1153342723846436,0.11414030939340591,0.15516023337841034,0.021488776430487633,0.1729789525270462,0.1358594447374344,0.025309203192591667,0.030352257192134857,-0.024786539375782013,-0.1475396305322647,-0.02385210618376732,0.149341881275177,0.29029878973960876,0.05522991716861725,0.048563990741968155,0.0029850793071091175,0.06956467777490616,0.029583772644400597,0.12334433197975159,-0.08286642283201218,-0.028526173904538155,0.15629945695400238,0.17545156180858612,0.15000273287296295,0.2722912132740021
-0.14379358291625977,-0.016884326934814453,2.1444156169891357,0.1338300257921219,0.16223490238189697,0.014357008039951324,0.15861323475837708,0.10510007292032242,0.024475550279021263,-0.0020409042481333017,-0.01914234831929207,-0.12959393858909607,-0.021549057215452194,0.14874006807804108,0.27500656247138977,0.04426859691739082,0.026034433394670486,0.018357763066887856,0.0981818363070488,0.12477213144302368,0.18259739875793457,-0.029091259464621544,-0.0057121748104691505,0.1649428904056549,0.17057856917381287,0.15000033378601074,0.30553707480430603
-0.15096330642700195,-0.01837015151977539,2.1828174591064453,0.13805915415287018,0.17129620909690857,0.006744410842657089,0.1324119120836258,0.0680839940905571,0.02357214130461216,-0.020845284685492516,-0.0618574358522892,-0.10897597670555115,-0.07176513969898224,0.15028856694698334,0.2603023946285248,0.0369376502931118,-0.02229456976056099,0.03924404829740524,0.11778751760721207,0.19892923533916473,0.2527572512626648,0.009378635324537754,0.02340741641819477,0.1456131488084793,0.09756004810333252,0.15000000596046448,0.3085494041442871
-0.14915990829467773,-0.005207538604736328,2.2033231258392334,0.13785898685455322,0.15318675339221954,-0.0033874777145683765,0.141900435090065,0.04677338898181915,0.027177391573786736,-0.058535121381282806,-0.07698380202054977,-0.08157501369714737,-0.00729795265942812,0.15019682049751282,0.2369803935289383,0.004652003757655621,-0.028696484863758087,0.06069868803024292,0.09758532792329788,0.25568947196006775,0.2771100103855133,0.04401031509041786,0.046494487673044205,0.09380936622619629,0.06806130707263947,0.15000000596046448,0.29948776960372925
-0.1506791114807129,0.00821454357355833,2.2233645915985107,0.13026733696460724,0.12756849825382233,-0.004435041453689337,0.12733592092990875,0.024905867874622345,0.02830958552658558,-0.08181498944759369,-0.08618458360433578,-0.06089520454406738,0.06347107142210007,0.15017801523208618,0.1890619844198227,-0.021186862140893936,-0.04690795764327049,0.08480288833379745,0.07662861049175262,0.27451658248901367,0.2983364164829254,0.04975051432847977,0.09109237045049667,0.071766197681427,0.04116496071219444,0.15000000596046448,0.29276177287101746
-0.14105701446533203,0.01573149487376213,2.241321086883545,0.12591572105884552,0.10397662222385406,-0.011586564593017101,0.15197913348674774,0.01343523245304823,0.04637069255113602,-0.10210955142974854,-0.10677938908338547,-0.04129970073699951,0.07312018424272537,0.1502496749162674,0.1703173965215683,-0.04840918257832527,-0.045088719576597214,0.09608910977840424,0.046904079616069794,0.27043357491493225,0.26626935601234436,0.06640589237213135,0.09804084897041321,0.034258488565683365,0.002536095678806305,0.15000000596046448,0.24685557186603546
-0.12832355499267578,0.0149221895262599,2.2634878158569336,0.11838599294424057,0.0976240336894989,-0.012318383902311325,0.1573484092950821,0.016889723017811775,0.09020204097032547,-0.09820369631052017,-0.10050145536661148,-0.03744370490312576,0.003349798731505871,0.14301025867462158,0.2266751229763031,-0.05047387257218361,-0.0304747112095356,0.08982060849666595,0.015231166034936905,0.2251579761505127,0.15915091335773468,0.049208253622055054,0.04178611934185028,-0.0007307275081984699,-0.03185933455824852,0.15000000596046448,0.2328207939863205
-0.10588645935058594,0.007044995669275522,2.267799139022827,0.11578347533941269,0.06413910537958145,-0.02515373006463051,0.18749968707561493,0.03201861307024956,0.13388386368751526,-0.0864010825753212,-0.07302021235227585,-0.03915145620703697,0.014549600891768932,0.1355094015598297,0.2329585999250412,-0.05249547213315964,-0.01054864376783371,0.07111204415559769,-0.055133432149887085,0.1861223727464676,0.08157553523778915,0.037795282900333405,0.04986445605754852,-0.01366429403424263,-0.03570033982396126,0.15000000596046448,0.19427168369293213
-0.0775604248046875,-0.002060413360595703,2.2685647010803223,0.10542456805706024,0.018950868397951126,-0.04351937398314476,0.16721855103969574,0.05863925814628601,0.1591978222131729,-0.057874638587236404,-0.05619799718260765,-0.05254073441028595,-0.04824542999267578,0.13487301766872406,0.24442709982395172,-0.051536981016397476,0.015267395414412022,0.03875139728188515,-0.10029978305101395,0.13279783725738525,0.0260185394436121,0.03299495205283165,0.06615115702152252,-0.027599433436989784,-0.05194360762834549,0.15000000596046448,0.15440437197685242
-0.046907901763916016,-0.011269092559814453,2.2690200805664062,0.08630550652742386,0.001329655759036541,-0.06168476864695549,0.2082657516002655,0.0867350846529007,0.1753111332654953,-0.012280366383492947,0.03012349084019661,-0.07228296250104904,-0.051097575575113297,0.1296081840991974,0.2386377602815628,-0.044401831924915314,0.01960371620953083,-0.000204942945856601,-0.14143119752407074,0.07961742579936981,-0.022340288385748863,0.033569686114788055,0.07751749455928802,-0.03247900679707527,-0.0423165000975132,0.15000000596046448,0.15631531178951263
-0.03624868392944336,-0.03324460983276367,2.2803914546966553,0.061372362077236176,0.019177444279193878,-0.05034628137946129,0.22201459109783173,0.12047530710697174,0.18197283148765564,0.07132230699062347,0.09200042486190796,-0.1120787188410759,-0.12174096703529358,0.14000213146209717,0.24676664173603058,-0.030807917937636375,0.006784142926335335,-0.01891605742275715,-0.15660932660102844,0.029780255630612373,-0.04497960954904556,0.06388740986585617,0.05159921571612358,-0.014239554293453693,-0.05020664632320404,0.14165842533111572,0.1609196662902832
-0.03747224807739258,-0.05302143096923828,2.2992591857910156,0.05670366436243057,0.04470614716410637,-0.0322897806763649,0.20916177332401276,0.13649114966392517,0.17789803445339203,0.11093301326036453,0.11748334020376205,-0.12642298638820648,-0.16370511054992676,0.14058658480644226,0.23250068724155426,-0.0075278207659721375,-0.006822580471634865,-0.027271976694464684,-0.1376468986272812,-0.0005778390332125127,-0.042474545538425446,0.07749155163764954,0.01139854546636343,-0.02196829579770565,-0.017948757857084274,0.14311276376247406,0.15062645077705383
-0.04422330856323242,-0.051516056060791016,2.3056092262268066,0.04493249952793121,0.050371211022138596,-0.011082902550697327,0.21106286346912384,0.15569229423999786,0.17729516327381134,0.1295156627893448,0.1769578903913498,-0.13535994291305542,-0.16295447945594788,0.14870460331439972,0.2393406480550766,0.002937106415629387,0.004067000932991505,-0.028061198070645332,-0.11737225204706192,-0.02222261391580105,-0.05879560112953186,0.06284449994564056,0.009186308830976486,-0.016888322308659554,0.05349830910563469,0.14568720757961273,0.15377791225910187
-0.05151700973510742,-0.04388713836669922,2.297365427017212,0.033781275153160095,0.005170733667910099,0.008214615285396576,0.17807400226593018,0.1750919073820114,0.16463054716587067,0.14381881058216095,0.1466042846441269,-0.14905431866645813,-0.1612299382686615,0.14742472767829895,0.22984550893306732,0.0036620295140892267,0.027650225907564163,-0.02827725186944008,-0.13967067003250122,-0.036961913108825684,-0.017604028806090355,0.044986922293901443,0.04631351679563522,-0.005081911105662584,0.081158846616745,0.1392737329006195,0.1127692461013794
-0.05707550048828125,-0.04148578643798828,2.280176877975464,0.03616004064679146,0.012008849531412125,0.016733739525079727,0.11672902852296829,0.19103428721427917,0.13664859533309937,0.14798861742019653,0.05924617871642113,-0.1590154767036438,-0.2357252687215805,0.14917214214801788,0.2735497057437897,0.007779721636325121,0.07235430181026459,-0.028480537235736847,-0.08819914609193802,-0.039232686161994934,0.019461488351225853,0.027635369449853897,-0.027487991377711296,0.005842673126608133,0.08451095223426819,0.13363540172576904,0.08839113265275955
-0.06716728210449219,-0.04341602325439453,2.271432876586914,0.04916936904191971,0.023808550089597702,0.025314820930361748,0.1113492026925087,0.1980614960193634,0.11176025122404099,0.14070940017700195,0.03317901864647865,-0.1636192947626114,-0.23405039310455322,0.14941087365150452,0.2933822274208069,0.03528987616300583,0.10761860013008118,-0.018177522346377373,-0.0612645223736763,-0.03618945553898811,0.012015657499432564,-0.020825760439038277,-0.07806091010570526,0.03113349713385105,0.10680684447288513,0.11892744898796082,0.09509177505970001
-0.07651185989379883,-0.04134511947631836,2.2626824378967285,0.06896175444126129,0.06596304476261139,0.02605956792831421,0.0906432569026947,0.20150615274906158,0.09555832296609879,0.12497299164533615,0.032555125653743744,-0.19245529174804688,-0.2706490159034729,0.14955072104930878,0.318607360124588,0.06651899218559265,0.08689448237419128,-0.008200064301490784,-0.01663689874112606,-0.02356034144759178,0.03134254366159439,-0.08353866636753082,-0.12014931440353394,0.06540147215127945,0.12874694168567657,0.09815703332424164,0.11274193972349167
-0.08152532577514648,-0.02482318878173828,2.2498068809509277,0.07864663004875183,0.06396836042404175,0.014115947298705578,0.06815502792596817,0.18195661902427673,0.09454172104597092,0.08958850800991058,0.028042569756507874,-0.18000786006450653,-0.18909300863742828,0.14970333874225616,0.31578391790390015,0.06252585351467133,0.08189316093921661,-0.010903763584792614,-0.024172598496079445,-0.009961768053472042,0.04435903578996658,-0.10978417843580246,-0.09036038815975189,0.08718294650316238,0.15225692093372345,0.10939402878284454,0.14490514993667603
-0.09238672256469727,-0.015561580657958984,2.239816188812256,0.08256829530000687,0.10215163230895996,0.015765832737088203,0.10976828634738922,0.16649530827999115,0.05902373790740967,0.08195901662111282,0.0268855020403862,-0.17071808874607086,-0.09328588098287582,0.14954157173633575,0.27610883116722107,0.05675841495394707,0.04352334141731262,-0.009254569187760353,-0.008901664987206459,0.0013524953974410892,0.1160985454916954,-0.11458421498537064,-0.019752129912376404,0.0971313938498497,0.1719454973936081,0.11953431367874146,0.21301938593387604
-0.10194730758666992,-0.011897563934326172,2.2324531078338623,0.08918213099241257,0.11831654608249664,0.012659098953008652,0.12121766060590744,0.16637249290943146,0.037243492901325226,0.08103140443563461,0.01576208882033825,-0.1777573525905609,-0.023831278085708618,0.14930757880210876,0.269288569688797,0.052593059837818146,0.03435484319925308,-0.01244097575545311,0.029325122013688087,0.010687020607292652,0.15993060171604156,-0.10758078098297119,0.01070899423211813,0.09874620288610458,0.2037086933851242,0.13344748318195343,0.2695785462856293
-0.11058950424194336,-0.009930133819580078,2.226752758026123,0.10567668080329895,0.15095892548561096,0.003932984545826912,0.14305280148983002,0.16849754750728607,0.020193934440612793,0.05757996812462807,-0.010915377177298069,-0.17376552522182465,-0.002147574909031391,0.1492781788110733,0.2662757933139801,0.042403947561979294,0.029511675238609314,-0.018681680783629417,0.07114844769239426,0.02872210554778576,0.18638604879379272,-0.09164871275424957,-0.00401220191270113,0.1128498911857605,0.21055583655834198,0.14967608451843262,0.30204465985298157
-0.1231846809387207,-0.011646747589111328,2.2431509494781494,0.12709087133407593,0.15501567721366882,-0.0017706685466691852,0.16284489631652832,0.1519293338060379,0.012132328003644943,0.014401018619537354,-0.02184559404850006,-0.14918120205402374,0.045898452401161194,0.148444265127182,0.24178050458431244,0.033980246633291245,0.049698665738105774,-0.01287949737161398,0.10018520802259445,0.0711417868733406,0.16563379764556885,-0.06606177240610123,-0.005788278765976429,0.14354339241981506,0.2039293646812439,0.1493934541940689,0.31962791085243225
-0.13762998580932617,-0.013891220092773438,2.286795139312744,0.13355843722820282,0.1812330186367035,-0.0012656208127737045,0.14636863768100739,0.10814166069030762,-0.011755428276956081,-0.016917437314987183,-0.014902432449162006,-0.1125015988945961,0.044819459319114685,0.1502135694026947,0.1955760270357132,0.016236167401075363,-0.0334688164293766,0.02366793528199196,0.13829916715621948,0.17611315846443176,0.29736921191215515,-0.0030416965018957853,0.052389636635780334,0.16708941757678986,0.16551987826824188,0.15000000596046448,0.3782493770122528
-0.15219879150390625,-0.008877754211425781,2.3421263694763184,0.12861087918281555,0.1936514675617218,0.006833866238594055,0.1716642826795578,0.05062292888760567,-0.020606698468327522,-0.046351540833711624,-0.022752199321985245,-0.08111083507537842,0.02689395472407341,0.15008795261383057,0.14960774779319763,-0.01877245306968689,-0.0991455614566803,0.08676973730325699,0.1501132696866989,0.2904171049594879,0.3691861927509308,0.08783792704343796,0.10392957925796509,0.13550564646720886,0.10320940613746643,0.15000000596046448,0.38670113682746887
-0.16479206085205078,-0.013961315155029297,2.398705244064331,0.12665188312530518,0.17564499378204346,0.015628455206751823,0.17048168182373047,-0.004821657668799162,0.012219322845339775,-0.06034616753458977,-0.05636658892035484,-0.048929400742053986,0.0016989326104521751,0.15021443367004395,0.1861366331577301,-0.028895102441310883,-0.08639027178287506,0.11999925971031189,0.11812078952789307,0.29464906454086304,0.3204004764556885,0.10904183238744736,0.062437430024147034,0.12016965448856354,0.05528256297111511,0.15000000596046448,0.3327067792415619
-0.16021728515625,-0.017464160919189453,2.4282262325286865,0.14015845954418182,0.11824590712785721,0.012017341330647469,0.10031169652938843,-0.0004738866409752518,0.08183154463768005,-0.09843707084655762,-0.18094946444034576,-0.02421947941184044,-0.02870921418070793,0.149338036775589,0.2562914192676544,-0.01880975253880024,0.0056548770517110825,0.10222920775413513,0.03618594631552696,0.27210691571235657,0.2018728405237198,0.04507702589035034,-0.021227775141596794,0.04141176864504814,-0.04081377759575844,0.15000000596046448,0.2100628912448883
-0.14713764190673828,-0.02064371109008789,2.4225759506225586,0.14430870115756989,0.05452137440443039,-0.001106369774788618,0.1154232770204544,0.01695343293249607,0.13212361931800842,-0.10822123289108276,-0.13299499452114105,-0.017768023535609245,0.03123234584927559,0.1501670628786087,0.2410556524991989,-0.037177734076976776,0.02860194444656372,0.08171895146369934,-0.028045589104294777,0.2529933452606201,0.12823167443275452,0.006026234943419695,0.034096378833055496,0.0076042176224291325,-0.06658250093460083,0.15000000596046448,0.19710251688957214
-0.12347650527954102,-0.030472278594970703,2.414551019668579,0.1455969661474228,0.006035483442246914,-0.022534284740686417,0.09571009874343872,0.04132131114602089,0.1331554502248764,-0.09403517842292786,-0.15098533034324646,-0.02667982503771782,-0.02253354713320732,0.15013477206230164,0.19291289150714874,-0.060300327837467194,0.006618566811084747,0.054326821118593216,-0.07350295782089233,0.21865402162075043,0.14360809326171875,0.011703459545969963,0.11147616803646088,-0.030467670410871506,-0.10633112490177155,0.15000000596046448,0.1532549262046814
-0.09802913665771484,-0.03337383270263672,2.423004388809204,0.11209449917078018,0.017719123512506485,-0.0366397351026535,0.14857420325279236,0.07185942679643631,0.13843414187431335,-0.03155514597892761,-0.0390627421438694,-0.05627814307808876,-0.06795668601989746,0.14609664678573608,0.1625925451517105,-0.08750160038471222,-0.040894147008657455,0.024192001670598984,-0.074810691177845,0.17554971575737,0.14125174283981323,0.05057086795568466,0.12794175744056702,-0.04987842217087746,-0.058119405061006546,0.15000000596046448,0.18923823535442352
-0.06781482696533203,-0.04366254806518555,2.432685375213623,0.09369265288114548,0.03877723589539528,-0.05534316971898079,0.2100486010313034,0.092605821788311,0.1634846180677414,0.022219980135560036,0.07781007140874863,-0.083084337413311,-0.07794256508350372,0.13990670442581177,0.17618024349212646,-0.08387007564306259,-0.060926150530576706,-0.014445832930505276,-0.11280781775712967,0.13761445879936218,0.02348863147199154,0.0713832825422287,0.10393922030925751,-0.04564942419528961,-0.04305258393287659,0.15000000596046448,0.2103584110736847
-0.047152042388916016,-0.053426265716552734,2.4397239685058594,0.0759066641330719,0.03764748200774193,-0.05770571157336235,0.2180282026529312,0.11694357544183731,0.1692265421152115,0.08084724843502045,0.09578170627355576,-0.11560815572738647,-0.14724579453468323,0.12909865379333496,0.24871112406253815,-0.06507857888936996,-0.01668078452348709,-0.045004162937402725,-0.1427125334739685,0.08457545191049576,-0.05138702690601349,0.07278725504875183,0.04340478777885437,-0.02312585711479187,-0.04214675724506378,0.14985620975494385,0.16961565613746643
-0.04500246047973633,-0.06420421600341797,2.4545228481292725,0.07606558501720428,0.02666774019598961,-0.046898432075977325,0.26357537508010864,0.11603888124227524,0.17811623215675354,0.11325402557849884,0.09440156072378159,-0.1360286921262741,-0.13885697722434998,0.11739177256822586,0.26064416766166687,-0.04462451487779617,0.023303953930735588,-0.051238417625427246,-0.17220355570316315,0.057046957314014435,-0.07693386822938919,0.08244521170854568,0.04907633364200592,-0.009890475310385227,-0.04522688686847687,0.14988423883914948,0.14291077852249146
-0.04871320724487305,-0.0560455322265625,2.4685463905334473,0.06888255476951599,0.049947045743465424,-0.03057887777686119,0.30123183131217957,0.11620526015758514,0.18279516696929932,0.12244625389575958,0.18978269398212433,-0.1453583985567093,-0.11223918944597244,0.11261754482984543,0.251886785030365,-0.03335117548704147,0.02334151789546013,-0.05194048956036568,-0.15014389157295227,0.031763214617967606,-0.08406901359558105,0.07212135940790176,0.03616265207529068,-0.012996464967727661,0.027156490832567215,0.14995069801807404,0.1878674328327179
-0.05113983154296875,-0.04142475128173828,2.4767348766326904,0.055409420281648636,0.03514789044857025,-0.01295497640967369,0.18416787683963776,0.13250088691711426,0.18057473003864288,0.13285435736179352,0.16765308380126953,-0.15776535868644714,-0.15937170386314392,0.13131442666053772,0.27598056197166443,-0.02010287716984749,0.03674902021884918,-0.05709492042660713,-0.13274306058883667,0.0021980248857289553,-0.05637846142053604,0.04649350419640541,0.007556804921478033,-0.0002925373846665025,0.06676676124334335,0.14996196329593658,0.16955235600471497
-0.05290651321411133,-0.030977249145507812,2.4735164642333984,0.05154263228178024,0.042862869799137115,0.001825995626859367,0.15172792971134186,0.15028750896453857,0.1487116664648056,0.14010849595069885,0.13544876873493195,-0.17402596771717072,-0.15414682030677795,0.1445397436618805,0.273283451795578,-0.006766831036657095,0.04372825473546982,-0.05766700953245163,-0.09914841502904892,-0.00858965702354908,0.02439597062766552,0.022226231172680855,-0.018592489883303642,0.016735156998038292,0.1276121586561203,0.14706088602542877,0.14172783493995667
-0.07188892364501953,-0.025290489196777344,2.465999126434326,0.062273360788822174,0.034129031002521515,0.025529617443680763,0.10743167251348495,0.15250635147094727,0.11762510985136032,0.1304556280374527,0.08430486172437668,-0.1819780319929123,-0.16970345377922058,0.1494341641664505,0.26507678627967834,0.027938058599829674,0.08545485138893127,-0.02668791450560093,-0.053158409893512726,-0.004879902116954327,0.03527866303920746,-0.05237395316362381,-0.06393397599458694,0.06396473944187164,0.1625131070613861,0.10954007506370544,0.10635858029127121
-0.08493804931640625,-0.014817237854003906,2.4595656394958496,0.06246449798345566,0.06453211605548859,0.040098413825035095,0.1291799694299698,0.1547374278306961,0.0862773209810257,0.12162622064352036,0.08546695858240128,-0.18096686899662018,-0.13313953578472137,0.15000006556510925,0.23282490670681,0.03078983724117279,0.06452421844005585,-0.010106128640472889,-0.003941332921385765,-0.001540183206088841,0.08573845028877258,-0.07769448310136795,-0.04728146642446518,0.08398377895355225,0.20262815058231354,0.10248648375272751,0.13790678977966309
-0.0917654037475586,-0.017199993133544922,2.446276903152466,0.08415663242340088,0.07627667486667633,0.04179801046848297,0.08119566738605499,0.1536978930234909,0.06631001830101013,0.10122539848089218,0.0510338693857193,-0.18325279653072357,-0.17617343366146088,0.14956440031528473,0.20563463866710663,0.03440636768937111,0.06374780833721161,-0.0038172395434230566,0.013302517123520374,0.028743289411067963,0.11938884109258652,-0.08372769504785538,-0.057280510663986206,0.09958674758672714,0.1700642704963684,0.1133643314242363,0.15742948651313782
-0.09369039535522461,-0.02337026596069336,2.4413681030273438,0.11319245398044586,0.10581470280885696,0.03180291876196861,0.07109775394201279,0.14668643474578857,0.07335052639245987,0.06993196904659271,-0.0006309812888503075,-0.17517849802970886,-0.1628599464893341,0.15020646154880524,0.25731512904167175,0.049384940415620804,0.0749632716178894,-0.008852439001202583,0.01931159384548664,0.0537136048078537,0.09189187735319138,-0.09576516598463058,-0.08266367018222809,0.10694130510091782,0.13904988765716553,0.1387290507555008,0.17407697439193726
-0.09418869018554688,-0.01934671401977539,2.448056697845459,0.11988186091184616,0.12310148030519485,0.02314072847366333,0.0894637182354927,0.13757602870464325,0.08159885555505753,0.05362772196531296,-0.014633187092840672,-0.16949893534183502,-0.15399765968322754,0.1493224799633026,0.33000001311302185,0.05383697524666786,0.07350406050682068,-0.01716962829232216,0.013276876881718636,0.06253372877836227,0.08368033170700073,-0.09872451424598694,-0.08304989337921143,0.1076807752251625,0.13514025509357452,0.14664971828460693,0.20453131198883057
-0.09524774551391602,-0.014632701873779297,2.452310800552368,0.12240978330373764,0.13913750648498535,0.017331469804048538,0.1610322743654251,0.13369488716125488,0.044352587312459946,0.042172469198703766,0.004842772614210844,-0.16534914076328278,-0.08475838601589203,0.1490669995546341,0.2885172963142395,0.04204023256897926,0.0326278880238533,-0.020584983751177788,0.04886285215616226,0.08130212128162384,0.1614745408296585,-0.07781665772199631,-0.007031337358057499,0.10786675661802292,0.15022426843643188,0.14978371560573578,0.27819421887397766
-0.10334396362304688,-0.01320648193359375,2.463832139968872,0.12215486913919449,0.1478813886642456,0.01949917897582054,0.16392873227596283,0.12175645679235458,0.006789813283830881,0.039715223014354706,-0.02757040038704872,-0.1633971482515335,-0.012325511313974857,0.14908383786678314,0.22396741807460785,0.03955106437206268,0.012029986828565598,-0.015480183996260166,0.06967353075742722,0.09019319713115692,0.23173300921916962,-0.0673355832695961,0.05550811439752579,0.11695105582475662,0.14723004400730133,0.14983466267585754,0.32337483763694763
-0.09996366500854492,-0.01096343994140625,2.473231315612793,0.13588503003120422,0.15431281924247742,0.010141989216208458,0.16624660789966583,0.11247706413269043,0.009821314364671707,-0.0005743952933698893,-0.04124172404408455,-0.13622280955314636,0.05849297344684601,0.14251203835010529,0.20759835839271545,0.011024326086044312,-0.009807296097278595,-0.00485040619969368,0.08703229576349258,0.15995173156261444,0.27374395728111267,-0.011219628155231476,0.0753781646490097,0.11914742738008499,0.14098770916461945,0.14989781379699707,0.33328118920326233
-0.09709739685058594,-0.007529735565185547,2.507081985473633,0.13325461745262146,0.15987475216388702,0.00643573934212327,0.17563284933567047,0.07915336638689041,0.017422322183847427,-0.030198657885193825,-0.03103497251868248,-0.09699254482984543,0.04364650323987007,0.11840272694826126,0.1882016807794571,-0.017231397330760956,-0.06183445081114769,0.02421114407479763,0.08950336277484894,0.25360068678855896,0.3252827227115631,0.05847867578268051,0.11504093557596207,0.11886993795633316,0.10430067777633667,0.14995992183685303,0.3376801311969757
-0.09849119186401367,-0.014312267303466797,2.553790807723999,0.1300680935382843,0.1576048582792282,0.004614651668816805,0.17070719599723816,0.03439493104815483,0.02177654765546322,-0.04009135067462921,-0.06998860090970993,-0.07234320789575577,-0.0343935452401638,0.11578866839408875,0.2013355791568756,-0.014606268145143986,-0.06312400102615356,0.05029401555657387,0.09006030112504959,0.3000013828277588,0.29330578446388245,0.0851578637957573,0.080583855509758,0.12377320230007172,0.046974554657936096,0.15000000596046448,0.3048551380634308
-0.10108757019042969,-0.018706321716308594,2.5841064453125,0.12888900935649872,0.14292094111442566,0.004795418120920658,0.1632235199213028,0.005453390534967184,0.06338971853256226,-0.05030139535665512,-0.1175520047545433,-0.06126546114683151,-0.05552108213305473,0.12215514481067657,0.22854164242744446,-0.01385617908090353,-0.024484947323799133,0.06553208827972412,0.05768750607967377,0.29988253116607666,0.19963060319423676,0.07849767804145813,0.014430156908929348,0.09517739713191986,-0.032935433089733124,0.15000000596046448,0.25351691246032715
-0.0924992561340332,-0.025266170501708984,2.5836544036865234,0.13540828227996826,0.07271207869052887,-0.002735923510044813,0.13374482095241547,0.008919548243284225,0.10708964616060257,-0.061032138764858246,-0.16564632952213287,-0.05186073109507561,-0.010747971944510937,0.12612459063529968,0.2262115627527237,-0.02115512080490589,0.02523869276046753,0.06374789029359818,-0.019009126350283623,0.27901691198349,0.1313658058643341,0.0588398277759552,0.034006886184215546,0.05784893408417702,-0.0751211941242218,0.15000000596046448,0.17945753037929535
-0.07320022583007812,-0.02458810806274414,2.5764546394348145,0.1295487880706787,0.01932627707719803,-0.020341644063591957,0.11967019736766815,0.02903105691075325,0.14509589970111847,-0.06565800309181213,-0.13601179420948029,-0.04249676316976547,-0.012256116606295109,0.1281975656747818,0.20812663435935974,-0.03771185874938965,0.02949531376361847,0.04087682440876961,-0.07447140663862228,0.21827104687690735,0.10399705916643143,0.04330297186970711,0.08036656677722931,-0.00032328153611160815,-0.0849122554063797,0.15000000596046448,0.15380221605300903
-0.05010700225830078,-0.021427154541015625,2.5821361541748047,0.08967220038175583,0.00794717762619257,-0.029312847182154655,0.15738274157047272,0.08404408395290375,0.165896937251091,-0.018994657322764397,-0.04874381795525551,-0.0588688887655735,-0.05215390771627426,0.1345466673374176,0.20295286178588867,-0.048731908202171326,0.014088827185332775,0.0003936801804229617,-0.1147080734372139,0.11139243096113205,0.050356969237327576,0.043066076934337616,0.08992400020360947,-0.06271074712276459,-0.08542262017726898,0.15000000596046448,0.16848541796207428
-0.023894786834716797,-0.03141307830810547,2.5814523696899414,0.07656951248645782,0.030873019248247147,-0.04114576429128647,0.17268358170986176,0.11687836050987244,0.1579039990901947,0.012087633833289146,0.02182186394929886,-0.06759330630302429,-0.10477803647518158,0.116603784263134,0.19015569984912872,-0.0463004894554615,-0.01160871610045433,-0.03308109566569328,-0.10873023420572281,0.06894496828317642,0.03164783865213394,0.06508780270814896,0.0697994977235794,-0.05582196265459061,-0.050776321440935135,0.14839139580726624,0.19389061629772186
-0.01906728744506836,-0.04604148864746094,2.5906319618225098,0.06882240623235703,0.04512236267328262,-0.033484529703855515,0.20697005093097687,0.12978848814964294,0.15986071527004242,0.05332593619823456,0.0574742816388607,-0.0849706381559372,-0.115103580057621,0.11137328296899796,0.21681134402751923,-0.029348038136959076,-0.01514541357755661,-0.043098051100969315,-0.10168548673391342,0.046760935336351395,0.0016016121953725815,0.07481344044208527,0.038608260452747345,-0.022305307909846306,0.004972685128450394,0.14954867959022522,0.17506404221057892
-0.03190422058105469,-0.054897308349609375,2.6050896644592285,0.050668880343437195,0.034676823765039444,-0.0027616312727332115,0.26198267936706543,0.14205338060855865,0.169717475771904,0.10523221641778946,0.09762679040431976,-0.10911688208580017,-0.08090385049581528,0.10894042998552322,0.2102985829114914,-0.0036882548592984676,0.013394838199019432,-0.03871777653694153,-0.13621786236763,0.005702097434550524,-0.04566611349582672,0.05680619180202484,0.039908748120069504,-0.002501455135643482,0.025724176317453384,0.1359257847070694,0.1515522599220276
-0.03911304473876953,-0.056168556213378906,2.6023547649383545,0.04392043873667717,0.03810017928481102,0.017889879643917084,0.24117322266101837,0.15939961373806,0.16688233613967896,0.12435384839773178,0.14196719229221344,-0.12152315676212311,-0.09778235852718353,0.1032695397734642,0.1979878544807434,0.0033325415570288897,0.010695692151784897,-0.04167115315794945,-0.14445531368255615,-0.017351819202303886,-0.035304129123687744,0.04922383651137352,0.07238440215587616,0.00396076450124383,0.026107225567102432,0.14020581543445587,0.18751603364944458
-0.041701316833496094,-0.05629158020019531,2.591216802597046,0.04309571906924248,0.021403133869171143,0.02490106411278248,0.16625066101551056,0.17319925129413605,0.1606990545988083,0.13278479874134064,0.10045450925827026,-0.12761111557483673,-0.17641019821166992,0.11058179289102554,0.2571416199207306,0.005913710221648216,0.053700949996709824,-0.05198674649000168,-0.13923750817775726,-0.0341784730553627,-0.03201796114444733,0.04384193569421768,0.03746571019291878,0.006068825256079435,0.029300961643457413,0.14423076808452606,0.16732868552207947
-0.049088478088378906,-0.06630516052246094,2.5817863941192627,0.0629877969622612,0.022821322083473206,0.02327398769557476,0.13983993232250214,0.18389752507209778,0.15663765370845795,0.1338285207748413,0.03608410805463791,-0.16191399097442627,-0.23032526671886444,0.1499997079372406,0.3256396949291229,0.056158941239118576,0.10150179266929626,-0.05019808188080788,-0.1118156909942627,-0.04599109664559364,-0.03831945359706879,-0.024479174986481667,-0.05537772178649902,0.038954488933086395,0.06081370636820793,0.11685881018638611,0.11042650789022446
-0.04931497573852539,-0.05052614212036133,2.5724995136260986,0.06318458914756775,0.04358050972223282,0.021250084042549133,0.13071900606155396,0.19184112548828125,0.13696324825286865,0.12313687056303024,0.05184704437851906,-0.1813587099313736,-0.21860018372535706,0.14936231076717377,0.3405283987522125,0.0642746165394783,0.10354091227054596,-0.05511683225631714,-0.07042134553194046,-0.04957207292318344,-0.03284786641597748,-0.05717132240533829,-0.10817915201187134,0.04808802530169487,0.10955792665481567,0.10636579245328903,0.1201355904340744
-0.054741859436035156,-0.035696983337402344,2.563512086868286,0.059694405645132065,0.07055823504924774,0.025496259331703186,0.11113079637289047,0.19543865323066711,0.0792025700211525,0.1169678196310997,0.09710503369569778,-0.17729492485523224,-0.14287427067756653,0.14942505955696106,0.2504104673862457,0.059633079916238785,0.05134670436382294,-0.05211740732192993,-0.024916676804423332,-0.03823978453874588,0.08630050718784332,-0.06968561559915543,-0.0349859893321991,0.05064377188682556,0.16669169068336487,0.11539106070995331,0.20462855696678162
-0.07042121887207031,-0.034340858459472656,2.5309228897094727,0.07995445281267166,0.10335075110197067,0.0380098931491375,0.11061546951532364,0.1916908174753189,0.050445254892110825,0.10644038766622543,0.0594719797372818,-0.16749075055122375,-0.1216294914484024,0.14774908125400543,0.22758977115154266,0.04416877403855324,0.03396832197904587,-0.03462229296565056,-0.0015086913481354713,0.007843648083508015,0.158062145113945,-0.05902281776070595,-0.030248338356614113,0.06634535640478134,0.16680221259593964,0.1349736899137497,0.21439553797245026
-0.08757638931274414,-0.0319972038269043,2.507171154022217,0.09768525511026382,0.08912000805139542,0.04033048078417778,0.08538611233234406,0.16991828382015228,0.06746754050254822,0.0946275070309639,-0.05795399472117424,-0.1748814433813095,-0.13626757264137268,0.149618998169899,0.3070869743824005,0.0352267324924469,0.0940229594707489,-0.020459122955799103,-0.01557639054954052,0.04803953692317009,0.10894870012998581,-0.06038784980773926,-0.07003284990787506,0.09568318724632263,0.1607501208782196,0.14984925091266632,0.1548709124326706
-0.0970921516418457,-0.033133506774902344,2.506317138671875,0.12594471871852875,0.11555496603250504,0.03538762405514717,0.12894366681575775,0.15892088413238525,0.06055790185928345,0.05120943859219551,-0.02303580939769745,-0.16034619510173798,-0.10032416880130768,0.1491633951663971,0.29570746421813965,0.04021802544593811,0.07856319844722748,-0.018140221014618874,0.021514523774385452,0.07230526953935623,0.12228457629680634,-0.0674588531255722,-0.029318656772375107,0.12899841368198395,0.19767877459526062,0.1497722864151001,0.22432363033294678
-0.10961675643920898,-0.031659603118896484,2.5338704586029053,0.13005782663822174,0.14891795814037323,0.035960789769887924,0.13017916679382324,0.13130389153957367,0.03510560467839241,0.03220108523964882,-0.00876585766673088,-0.14568938314914703,-0.12969547510147095,0.14917181432247162,0.2730490565299988,0.04462423920631409,0.03642314672470093,-0.013383187353610992,0.06891370564699173,0.08743252605199814,0.16676881909370422,-0.05861080437898636,-0.01091121044009924,0.15137344598770142,0.14773458242416382,0.14988000690937042,0.30486637353897095
-0.10704469680786133,-0.031160831451416016,2.5591650009155273,0.14742161333560944,0.1722591072320938,0.02136228233575821,0.10315592586994171,0.10658718645572662,-0.004123300779610872,-0.010446084663271904,-0.06384143978357315,-0.11698846518993378,-0.06015272065997124,0.14905789494514465,0.2386515587568283,0.03162777051329613,0.0014128237962722778,0.00155278027523309,0.10699162632226944,0.1882353276014328,0.2729642689228058,-0.0042664771899580956,0.01993914134800434,0.14437265694141388,0.1333083212375641,0.14999829232692719,0.36112555861473083
-0.10556316375732422,-0.018940448760986328,2.6006698608398438,0.14536842703819275,0.1841232180595398,0.010055605322122574,0.13509075343608856,0.0651012659072876,0.00845036469399929,-0.04659249633550644,-0.05455813556909561,-0.08744008839130402,0.0553160198032856,0.148970365524292,0.22325095534324646,0.020348649471998215,-0.03822571411728859,0.02381671406328678,0.11768148839473724,0.2594294250011444,0.32405808568000793,0.026700980961322784,0.0349244698882103,0.1414860337972641,0.13421319425106049,0.14995154738426208,0.3823135793209076
-0.10667753219604492,-0.011019706726074219,2.637364625930786,0.14045350253582,0.17730501294136047,0.005399499554187059,0.14527705311775208,0.028081605210900307,0.027469566091895103,-0.06509681046009064,-0.04899867996573448,-0.06832226365804672,0.08825834095478058,0.14903520047664642,0.19949418306350708,0.011861106380820274,-0.06859810650348663,0.04700767621397972,0.08572832494974136,0.2889719605445862,0.344831258058548,0.03779140114784241,0.06007324531674385,0.140683114528656,0.08907939493656158,0.14999999105930328,0.358992338180542
-0.09668636322021484,-0.0037980079650878906,2.654952049255371,0.14079532027244568,0.1353183090686798,-0.005565464962273836,0.10993865877389908,0.01142206322401762,0.036263421177864075,-0.08708394318819046,-0.10753048956394196,-0.05252601578831673,0.029765132814645767,0.13587433099746704,0.1748088300228119,-0.013176207430660725,-0.03758310154080391,0.059093136340379715,0.05604918301105499,0.299874484539032,0.3162868618965149,0.05932733416557312,0.0852152407169342,0.0864592120051384,0.022643908858299255,0.15000000596046448,0.2969192564487457
-0.08010339736938477,0.0004048515111207962,2.6606969833374023,0.13646180927753448,0.10412000864744186,-0.02048368752002716,0.1154421865940094,0.01083095371723175,0.07249848544597626,-0.09337551891803741,-0.10942599177360535,-0.03931146115064621,0.04084838926792145,0.1169632226228714,0.16168297827243805,-0.03558189421892166,-0.034007418900728226,0.06065041944384575,0.02210426516830921,0.29865288734436035,0.28184229135513306,0.06342800706624985,0.09538997709751129,0.04773527756333351,-0.00439082458615303,0.15000000596046448,0.26296067237854004
-0.06148481369018555,-0.000507354736328125,2.6629819869995117,0.13808578252792358,0.06997314095497131,-0.0377727635204792,0.0883818119764328,0.014226339757442474,0.10020529478788376,-0.09600616246461868,-0.14348192512989044,-0.04299589619040489,0.008643596433103085,0.10768961906433105,0.161122664809227,-0.050751619040966034,-0.021566450595855713,0.057069193571805954,-0.012981703504920006,0.2840655446052551,0.23859459161758423,0.06071348860859871,0.11362861841917038,0.03339480236172676,-0.011329878121614456,0.15000000596046448,0.20864573121070862
-0.03557252883911133,-0.006404876708984375,2.6644701957702637,0.13172467052936554,0.04608448967337608,-0.06348671019077301,0.13945762813091278,0.018491633236408234,0.1147061213850975,-0.07539871335029602,-0.049055520445108414,-0.0511900931596756,-0.007818317972123623,0.10082446783781052,0.14740301668643951,-0.061260104179382324,-0.03117414191365242,0.044145070016384125,-0.03625210374593735,0.25830644369125366,0.1739305555820465,0.0673089474439621,0.13935278356075287,0.02377902716398239,-0.005791816860437393,0.15000000596046448,0.2360583245754242
-0.014918327331542969,-0.01584768295288086,2.6792120933532715,0.09778130799531937,0.03022535890340805,-0.06913328915834427,0.19686834514141083,0.05540831387042999,0.13635142147541046,-0.0022845002822577953,-0.0011323792859911919,-0.08393885940313339,-0.09245322644710541,0.09463915228843689,0.17803533375263214,-0.06278510391712189,-0.013795716688036919,0.019303809851408005,-0.10201013088226318,0.16474856436252594,0.05042225867509842,0.08903484791517258,0.11252455413341522,-0.02389010787010193,-0.08174793422222137,0.1439954787492752,0.21215373277664185
-0.016442298889160156,-0.03383588790893555,2.703249931335449,0.08559392392635345,0.039570748805999756,-0.047870054841041565,0.21190519630908966,0.07892162352800369,0.16822339594364166,0.04784909263253212,0.046841513365507126,-0.10482288151979446,-0.09996601939201355,0.0821818858385086,0.19665609300136566,-0.04422883689403534,-0.020496584475040436,0.008007925935089588,-0.13293442130088806,0.11316561698913574,0.02150735817849636,0.11740162968635559,0.09696893393993378,-0.05004908889532089,-0.06941820681095123,0.15000000596046448,0.20946155488491058
-0.031129837036132812,-0.037477970123291016,2.727311372756958,0.05224066600203514,0.04059567674994469,-0.003331061452627182,0.2319343239068985,0.13128434121608734,0.19326156377792358,0.11038472503423691,0.10839959233999252,-0.13352595269680023,-0.11051967740058899,0.11505546420812607,0.22389186918735504,-0.014665458351373672,-0.008354075253009796,-0.008220101706683636,-0.13922102749347687,0.0347929447889328,-0.025604667142033577,0.09033741056919098,0.06860675662755966,-0.04511037468910217,-0.027800995856523514,0.1497974395751953,0.20661219954490662
-0.03599882125854492,-0.037853240966796875,2.725876808166504,0.037386372685432434,0.011937075294554234,0.029181482270359993,0.24153859913349152,0.17750193178653717,0.19021402299404144,0.13729208707809448,0.14030733704566956,-0.14301857352256775,-0.09531782567501068,0.11593502759933472,0.1909792423248291,-0.007698876783251762,0.014048833400011063,-0.035137757658958435,-0.1572975218296051,-0.015000135637819767,-0.02145094983279705,0.08058222383260727,0.10374851524829865,-0.03214815631508827,0.016062352806329727,0.149945467710495,0.18451173603534698
-0.039069175720214844,-0.03896808624267578,2.718120574951172,0.03245612978935242,-0.005231955088675022,0.044519711285829544,0.17392273247241974,0.1990358978509903,0.18012580275535583,0.1489919126033783,0.10378725081682205,-0.14840182662010193,-0.13572853803634644,0.11469808220863342,0.20722690224647522,-0.003036713460460305,0.04437893629074097,-0.05674537643790245,-0.14626175165176392,-0.032349325716495514,-0.0037194136530160904,0.0676206648349762,0.09066173434257507,-0.0197087824344635,0.04582652822136879,0.1499107927083969,0.15349717438220978
-0.049889564514160156,-0.04778575897216797,2.7153661251068115,0.03831082209944725,0.015724968165159225,0.051021941006183624,0.19794341921806335,0.20143884420394897,0.16403357684612274,0.1554192453622818,0.10249439626932144,-0.15326142311096191,-0.12619180977344513,0.1302061527967453,0.2281368225812912,0.03173225373029709,0.06942197680473328,-0.05964444950222969,-0.10599935054779053,-0.041519246995449066,-0.024832023307681084,0.010149374604225159,0.009140555746853352,0.014105443842709064,0.07328285276889801,0.1330803483724594,0.13899299502372742
-0.05817890167236328,-0.05442380905151367,2.7119295597076416,0.043826933950185776,0.04665568098425865,0.05350949242711067,0.16760693490505219,0.20428027212619781,0.12873707711696625,0.15802507102489471,0.0787573829293251,-0.16046367585659027,-0.2295544147491455,0.1491394340991974,0.261470228433609,0.05371295288205147,0.07948765158653259,-0.057837944477796555,-0.06614311039447784,-0.04035419225692749,-0.02242710255086422,-0.027415798977017403,-0.07433353364467621,0.039209336042404175,0.06218137592077255,0.12574492394924164,0.11622566729784012
-0.05968284606933594,-0.056551456451416016,2.7096195220947266,0.04530113935470581,0.051948949694633484,0.05144907161593437,0.12276752293109894,0.20739756524562836,0.10330414026975632,0.15883009135723114,0.06261228024959564,-0.1612321436405182,-0.2440134584903717,0.14919617772102356,0.267975777387619,0.060367122292518616,0.08265818655490875,-0.060974959284067154,-0.05318444222211838,-0.036575138568878174,0.015444116666913033,-0.039524175226688385,-0.08930569887161255,0.0451626218855381,0.08829988539218903,0.12448673695325851,0.10763595253229141
-0.05773115158081055,-0.057384490966796875,2.7049221992492676,0.05005533993244171,0.08166655898094177,0.045375436544418335,0.12831754982471466,0.21372990310192108,0.1069897934794426,0.15489722788333893,0.058069393038749695,-0.16197846829891205,-0.22518791258335114,0.1492079496383667,0.29557713866233826,0.06525039672851562,0.07143460214138031,-0.06501509994268417,-0.053926266729831696,-0.0314420722424984,0.027190273627638817,-0.04980386048555374,-0.0982537791132927,0.047275807708501816,0.09699080884456635,0.11619525402784348,0.13199281692504883
-0.05932903289794922,-0.06045055389404297,2.6918063163757324,0.07562462240457535,0.08912917226552963,0.04047826677560806,0.11820416897535324,0.2223210483789444,0.10495699197053909,0.1276257187128067,0.018531538546085358,-0.1577962189912796,-0.20721778273582458,0.14843831956386566,0.3485318124294281,0.0840149074792862,0.08707955479621887,-0.06561659276485443,-0.04967451095581055,-0.017424002289772034,0.04068893939256668,-0.08412573486566544,-0.11336512863636017,0.06587187200784683,0.11436499655246735,0.11921010166406631,0.14606830477714539
-0.06343698501586914,-0.052176475524902344,2.676030397415161,0.09170405566692352,0.09081446379423141,0.033150218427181244,0.11986380070447922,0.21528539061546326,0.0809403583407402,0.10351087898015976,-0.015300995670258999,-0.16216984391212463,-0.1723850816488266,0.1492985188961029,0.3495335280895233,0.08207650482654572,0.10783419013023376,-0.06544052064418793,-0.028083575889468193,0.0003731251345016062,0.07378832250833511,-0.10228460282087326,-0.08541201055049896,0.08389750868082047,0.14234468340873718,0.1272858828306198,0.17733417451381683
-0.07192802429199219,-0.04273843765258789,2.6658384799957275,0.10385654121637344,0.12105308473110199,0.029025789350271225,0.1363615244626999,0.19998259842395782,0.0610027089715004,0.08649789541959763,-0.02475224807858467,-0.16479696333408356,-0.1252281218767166,0.14924342930316925,0.31901711225509644,0.07477491348981857,0.0924692302942276,-0.062007926404476166,0.014699378982186317,0.01718561165034771,0.11535731703042984,-0.10467930138111115,-0.05722459405660629,0.092890165746212,0.15596814453601837,0.1421559751033783,0.22724710404872894
-0.08004426956176758,-0.035189151763916016,2.6598753929138184,0.11822454631328583,0.15231631696224213,0.025185860693454742,0.12679250538349152,0.18842865526676178,0.028873493894934654,0.0632680207490921,-0.023800566792488098,-0.16185548901557922,-0.03992345929145813,0.15000003576278687,0.2674923241138458,0.05884390324354172,0.04026191681623459,-0.05501342564821243,0.06782624870538712,0.05166904255747795,0.2156740427017212,-0.08492649346590042,0.014662946574389935,0.10397204756736755,0.19037888944149017,0.14979180693626404,0.3062277138233185
-0.08858156204223633,-0.031190872192382812,2.644613742828369,0.14709357917308807,0.1696779429912567,0.023093117401003838,0.15658406913280487,0.15346965193748474,-0.016367144882678986,-0.002792158629745245,-0.01975695788860321,-0.12311307340860367,0.03519756719470024,0.10514998435974121,0.19880585372447968,-0.015941891819238663,-0.02336714044213295,-0.015350358560681343,0.10174176096916199,0.1777954250574112,0.3331402838230133,0.02913729101419449,0.10605086386203766,0.12985976040363312,0.20380248129367828,0.14998117089271545,0.3647814691066742
-0.1085500717163086,-0.04581499099731445,2.6921963691711426,0.15729206800460815,0.1644854098558426,0.03802913427352905,0.16915813088417053,0.08961331099271774,-0.017014170065522194,-0.02171720564365387,-0.10000975430011749,-0.08546233922243118,-0.03919685259461403,0.1053040400147438,0.21728448569774628,-0.016098424792289734,-0.013104813173413277,0.04055652394890785,0.10615815967321396,0.2750144600868225,0.3147870600223541,0.07930178940296173,0.0781077966094017,0.17526419460773468,0.13309404253959656,0.15000000596046448,0.31517931818962097
-0.12952566146850586,-0.049986839294433594,2.767029285430908,0.15704715251922607,0.19662600755691528,0.0465870127081871,0.19863535463809967,0.01356215588748455,0.02054189331829548,-0.0450710654258728,-0.08142774552106857,-0.06337887793779373,-0.04693916067481041,0.13202422857284546,0.23347988724708557,-0.0029508585575968027,-0.02920275181531906,0.07803316414356232,0.11705730110406876,0.2998073399066925,0.26030510663986206,0.09114786237478256,0.010579108260571957,0.18086469173431396,0.08190906047821045,0.15000000596046448,0.3411222994327545
-0.1409597396850586,-0.05286359786987305,2.811508893966675,0.1536060869693756,0.17133288085460663,0.05133279040455818,0.17282885313034058,-0.02721025049686432,0.07297268509864807,-0.05280078947544098,-0.09135445207357407,-0.04989355430006981,-0.03852535039186478,0.14330855011940002,0.24186301231384277,-0.0014677864965051413,-0.01595870777964592,0.09719838201999664,0.08001773059368134,0.29982149600982666,0.20033611357212067,0.08048128336668015,-0.018788358196616173,0.16193720698356628,-0.00968535989522934,0.15000000596046448,0.32534196972846985
-0.12525224685668945,-0.04468202590942383,2.820918560028076,0.16334503889083862,0.08019911497831345,0.03200688585639,0.07630079984664917,-0.005215502344071865,0.09779832512140274,-0.10041477531194687,-0.23799802362918854,-0.020760957151651382,-0.054123688489198685,0.14961177110671997,0.26173850893974304,-0.0063915555365383625,0.04285573959350586,0.07021653652191162,-0.012020844966173172,0.268795371055603,0.2042851448059082,0.03567196801304817,0.011710972525179386,0.04064680635929108,-0.08578620851039886,0.15000000596046448,0.19593720138072968
-0.09981584548950195,-0.023172378540039062,2.8247525691986084,0.13685199618339539,0.05069442838430405,0.0054583861492574215,0.1325637847185135,0.029998136684298515,0.12956681847572327,-0.11363409459590912,-0.11853569000959396,-0.002225589007139206,0.1054048165678978,0.14945225417613983,0.21256618201732635,-0.04044065997004509,0.018039697781205177,0.03527402505278587,-0.039931975305080414,0.22904440760612488,0.1976904571056366,0.02311299368739128,0.08834650367498398,-0.005672725383192301,-0.020025847479701042,0.15000000596046448,0.23500767350196838
-0.07210254669189453,-0.02555990219116211,2.8401105403900146,0.12738710641860962,0.07039373368024826,-0.021673137322068214,0.13682956993579865,0.04610446095466614,0.11883508414030075,-0.10828922688961029,-0.05216838791966438,0.00040349713526666164,0.027175389230251312,0.1403982937335968,0.11625263839960098,-0.038872528821229935,-0.07480630278587341,0.005799116566777229,-0.03452163189649582,0.21493975818157196,0.24960872530937195,0.028855644166469574,0.14198768138885498,-0.011527874507009983,-0.05463845655322075,0.15000000596046448,0.26667913794517517
-0.049782752990722656,-0.0255584716796875,2.8391225337982178,0.09127653390169144,0.08456683158874512,-0.03004315122961998,0.12929768860340118,0.07477676868438721,0.08679686486721039,-0.03613971918821335,-0.04404201731085777,-0.044023726135492325,-0.0942356139421463,0.09753280878067017,0.11141922324895859,-0.06454911082983017,-0.08315210044384003,-0.001067036879248917,-0.019798247143626213,0.22457168996334076,0.2268940806388855,0.08584743738174438,0.1100287139415741,-0.026481427252292633,-0.03807774558663368,0.15000000596046448,0.2503087818622589
-0.020992755889892578,-0.035649776458740234,2.815335750579834,0.08986011147499084,0.03559943288564682,-0.048948295414447784,0.2081936150789261,0.10894577950239182,0.14618580043315887,0.007634124718606472,-0.004191241227090359,-0.06993112713098526,-0.028578434139490128,0.0897107869386673,0.13671866059303284,-0.0647682249546051,-0.01677820459008217,-0.015537792816758156,-0.11448440700769424,0.22877824306488037,0.05208373814821243,0.10330524295568466,0.10254592448472977,-0.02914893440902233,-0.03639816492795944,0.15000000596046448,0.16236533224582672
0.005749852396547794,-0.03422260284423828,2.7951104640960693,0.09173820912837982,-0.01292684581130743,-0.06767469644546509,0.18636922538280487,0.13196112215518951,0.17720481753349304,0.02741496078670025,0.0074849808588624,-0.09407300502061844,-0.08327826857566833,0.08532101660966873,0.19617658853530884,-0.07289285212755203,0.03669346123933792,-0.028363429009914398,-0.1733703315258026,0.21713541448116302,-0.03130169212818146,0.12037712335586548,0.11286165565252304,-0.025938617065548897,-0.02736252173781395,0.1278744637966156,0.1178315281867981
-0.020692825317382812,-0.03713798522949219,2.8454372882843018,0.04901384934782982,0.007594668306410313,-0.02297428995370865,0.23739199340343475,0.12639042735099792,0.17719756066799164,0.11312262713909149,0.14537279307842255,-0.1333540380001068,-0.09801715612411499,0.10038316249847412,0.19999727606773376,-0.03968031704425812,0.005163608118891716,-0.028689952567219734,-0.17731112241744995,0.12072251737117767,-0.034761279821395874,0.11199882626533508,0.12211587280035019,-0.04141755402088165,-0.005172889679670334,0.14401653409004211,0.2045363187789917
-0.04722118377685547,-0.05026054382324219,2.870713710784912,0.03615543618798256,0.08174330741167068,0.03141035512089729,0.30151963233947754,0.14683902263641357,0.1501326709985733,0.17239540815353394,0.2177891880273819,-0.1658511757850647,-0.17460106313228607,0.10903941839933395,0.21014930307865143,-0.0015431526117026806,-0.016414489597082138,-0.039402760565280914,-0.13853152096271515,0.02435510978102684,-0.043229006230831146,0.08895169198513031,0.04674822464585304,-0.026225155219435692,-0.0025773830711841583,0.14992907643318176,0.25598636269569397
-0.05284595489501953,-0.056858062744140625,2.8618414402008057,0.050932448357343674,0.017179585993289948,0.04589329659938812,0.14477042853832245,0.1685413420200348,0.1848476678133011,0.18095257878303528,0.05902833119034767,-0.1858237385749817,-0.2048916071653366,0.13376550376415253,0.3303684592247009,0.026468297466635704,0.10505396127700806,-0.07057814300060272,-0.13524049520492554,-0.03376084193587303,-0.1042032539844513,0.038295626640319824,-0.05517493933439255,0.0015153761487454176,0.05356245115399361,0.14996597170829773,0.13097867369651794
-0.04999351501464844,-0.04538679122924805,2.8431966304779053,0.05685677006840706,0.009976907633244991,0.04409809410572052,0.1598857045173645,0.18797916173934937,0.18914668262004852,0.1650398224592209,0.07891938835382462,-0.1844928115606308,-0.07706713676452637,0.1490795910358429,0.30518820881843567,0.024960657581686974,0.08481243252754211,-0.09702014923095703,-0.12226409465074539,-0.04616058990359306,-0.014547256752848625,0.00160997174680233,-0.0020333146676421165,0.02900685742497444,0.14770770072937012,0.14993394911289215,0.14424213767051697
-0.05869102478027344,-0.03530263900756836,2.8352134227752686,0.05293210223317146,0.015046575106680393,0.05739254131913185,0.15235570073127747,0.19284982979297638,0.13155196607112885,0.16235610842704773,0.11486165225505829,-0.18753673136234283,-0.15183371305465698,0.14929743111133575,0.21734049916267395,0.02549603395164013,0.07728241384029388,-0.08920704573392868,-0.07922744005918503,-0.005906860809773207,0.08768561482429504,-0.023055553436279297,0.009920747950673103,0.05095076560974121,0.12178537249565125,0.14984454214572906,0.1686224490404129
-0.07481718063354492,-0.0431666374206543,2.811380624771118,0.0799994245171547,0.07906787097454071,0.06610075384378433,0.09832701832056046,0.15613821148872375,0.03155979886651039,0.16137398779392242,0.10263597220182419,-0.21956363320350647,-0.25527268648147583,0.13072630763053894,0.15385635197162628,0.017242593690752983,0.0286204032599926,-0.05662444606423378,0.01662244275212288,0.09824270755052567,0.21856838464736938,-0.008468173444271088,0.024625184014439583,0.06810114532709122,0.1296529471874237,0.14996877312660217,0.21950864791870117
-0.08724594116210938,-0.049755096435546875,2.803968906402588,0.1196376234292984,0.08270855993032455,0.06519034504890442,0.10125218331813812,0.13345059752464294,0.0693860799074173,0.12412607669830322,-0.021334726363420486,-0.20653347671031952,-0.232463538646698,0.14978981018066406,0.24392648041248322,0.05349654704332352,0.10179729759693146,-0.04440275579690933,0.009556830860674381,0.1095261350274086,0.07884636521339417,-0.06799431145191193,-0.0965820923447609,0.10068026185035706,0.12745457887649536,0.14537842571735382,0.10623383522033691
-0.08748388290405273,-0.02737283706665039,2.804741621017456,0.12333986908197403,0.14039383828639984,0.06311991065740585,0.13407382369041443,0.12980659306049347,0.09860708564519882,0.08092348277568817,0.03661182150244713,-0.18903183937072754,-0.12153692543506622,0.14935901761054993,0.2796669006347656,0.053520359098911285,0.04358586668968201,-0.044183552265167236,0.008858426474034786,0.10465994477272034,0.07922250777482986,-0.10101509094238281,-0.11016538739204407,0.12043339759111404,0.1649666577577591,0.14999692142009735,0.17817729711532593
-0.0789957046508789,-0.014342308044433594,2.8104989528656006,0.11869346350431442,0.13915477693080902,0.05573518946766853,0.11244205385446548,0.12475858628749847,0.049351658672094345,0.06193837523460388,0.06163116917014122,-0.1637205332517624,-0.064816914498806,0.14931036531925201,0.24363474547863007,0.02159709483385086,0.01677291840314865,-0.044717997312545776,0.0038191741332411766,0.11133313179016113,0.15208852291107178,-0.05336040258407593,0.018490837886929512,0.11487259715795517,0.14919623732566833,0.1495886743068695,0.3067992329597473
-0.07740497589111328,-0.02097797393798828,2.82619309425354,0.13618780672550201,0.15111136436462402,0.05587264522910118,0.15121003985404968,0.10993696749210358,-0.013052435591816902,0.041499942541122437,-0.06102662906050682,-0.14994409680366516,-0.12534737586975098,0.14925803244113922,0.2696083188056946,0.02059507556259632,0.02420797199010849,-0.032596737146377563,0.05074635148048401,0.13281187415122986,0.2576892673969269,-0.020881664007902145,0.008793852292001247,0.10999317467212677,0.12191656231880188,0.14980027079582214,0.30640044808387756
-0.08209753036499023,-0.017511367797851562,2.851487874984741,0.14625030755996704,0.1732121855020523,0.06226469576358795,0.2043035626411438,0.0837545394897461,0.04705303534865379,0.011606249958276749,-0.08524800091981888,-0.1440560519695282,-0.045747291296720505,0.14916302263736725,0.33224597573280334,0.03357032686471939,0.06736696511507034,-0.014337328262627125,0.07347101718187332,0.14928936958312988,0.16285258531570435,-0.03349465876817703,-0.09331932663917542,0.11415532231330872,0.14113874733448029,0.1498657613992691,0.2758394181728363
-0.07532596588134766,-0.012906551361083984,2.8520987033843994,0.14901360869407654,0.17232458293437958,0.06039661541581154,0.18683262169361115,0.08390536904335022,0.06471322476863861,-0.01574636995792389,-0.0029678698629140854,-0.10397160053253174,0.05943422392010689,0.14975868165493011,0.2667372524738312,0.013539725914597511,0.0048449039459228516,-0.0009784817229956388,0.08111786097288132,0.1828521192073822,0.23851098120212555,-0.014783081598579884,0.007984465919435024,0.13655990362167358,0.17802174389362335,0.14982223510742188,0.3406645953655243
-0.05992269515991211,-0.012088298797607422,2.858981132507324,0.1476275473833084,0.10251352936029434,0.05160337686538696,0.07516368478536606,0.07535995543003082,0.020195068791508675,-0.03688271716237068,-0.0895981565117836,-0.0640052780508995,-0.024660687893629074,0.14947600662708282,0.15755973756313324,-0.022889697924256325,-0.027666673064231873,0.023820430040359497,0.05398901551961899,0.26245713233947754,0.36696773767471313,0.061657439917325974,0.1710411012172699,0.10967743396759033,0.045912038534879684,0.15000000596046448,0.3073146939277649
-0.048798561096191406,-0.01003885269165039,2.895923614501953,0.1306385099887848,0.13517345488071442,0.051648471504449844,0.17367784678936005,0.0381433442234993,-0.002918324898928404,-0.040122225880622864,-0.026675846427679062,-0.04604877904057503,0.0011444194242358208,0.12461038678884506,0.07341862469911575,-0.04685478284955025,-0.10498125851154327,0.05185888335108757,0.07204713672399521,0.2998529076576233,0.4544975459575653,0.136886328458786,0.2429715394973755,0.08679518103599548,0.05274359509348869,0.15000000596046448,0.3487150967121124
-0.04926633834838867,-0.005680084228515625,2.9293785095214844,0.12402939051389694,0.1525827944278717,0.07568173110485077,0.1703142374753952,0.03489530086517334,0.06363020092248917,-0.05303538590669632,-0.05625495687127113,-0.07360199093818665,-0.06183834746479988,0.1101391464471817,0.14244481921195984,-0.043733928352594376,-0.07846972346305847,0.07672194391489029,0.07567941397428513,0.29988402128219604,0.28877201676368713,0.13539822399616241,0.10155831277370453,0.03853597119450569,0.006651382893323898,0.15000000596046448,0.3178838789463043
-0.02039194107055664,-0.004178047180175781,2.9446072578430176,0.11442317813634872,0.09488564729690552,0.06166331097483635,0.16520990431308746,0.04037744924426079,0.10912442952394485,-0.050946734845638275,-0.09256874769926071,-0.06474228203296661,-0.02876017987728119,0.10145369172096252,0.21103762090206146,-0.013140439987182617,0.010938254185020924,0.03624587878584862,0.008568795397877693,0.22636225819587708,0.14981235563755035,0.049863509833812714,0.019168885424733162,0.008723980747163296,-0.005451958626508713,0.15000000596046448,0.23708626627922058
0.023684516549110413,0.0024140221066772938,2.941039800643921,0.10947469621896744,0.02410636842250824,0.03217065706849098,0.1578514128923416,0.07054969668388367,0.14158087968826294,-0.06283126771450043,-0.11322715133428574,-0.054427385330200195,0.017667975276708603,0.11723829805850983,0.20264632999897003,-0.022022884339094162,0.05856858566403389,-0.005266789812594652,-0.10538151860237122,0.16713771224021912,0.08943921327590942,0.043308716267347336,0.06835275888442993,-0.03119293600320816,-0.07153722643852234,0.12566660344600677,0.1761738657951355
0.032446347177028656,-0.005634307861328125,2.9639759063720703,0.08683664351701736,0.05281613767147064,0.04944249242544174,0.17684274911880493,0.103045254945755,0.16402246057987213,-0.02922605723142624,-0.029477950185537338,-0.05316883325576782,-0.019458550959825516,0.13648557662963867,0.2048121839761734,-0.027650654315948486,-0.00036878325045108795,-0.009724566712975502,-0.11419827491044998,0.14049023389816284,0.14318713545799255,0.0864609107375145,0.09611739218235016,-0.060550756752491,-0.0509222149848938,0.14466747641563416,0.21782000362873077
0.011742706410586834,-0.021297454833984375,2.988304615020752,0.05667402595281601,0.0629781037569046,0.10992559045553207,0.24953672289848328,0.1369716078042984,0.1595081239938736,0.033370304852724075,0.059606071561574936,-0.06660766899585724,-0.05052190274000168,0.14945897459983826,0.20075543224811554,-0.017601167783141136,-0.020996086299419403,0.013296158984303474,-0.09859473258256912,0.10241042077541351,0.08154433965682983,0.09788636118173599,0.09882292151451111,-0.04712808504700661,0.02289937064051628,0.14971190690994263,0.22619891166687012
-0.008458137512207031,-0.04214334487915039,3.0075931549072266,0.041813526302576065,0.026816178113222122,0.1605522334575653,0.2637844681739807,0.14789272844791412,0.1661532074213028,0.0814075842499733,0.07414782792329788,-0.07862934470176697,-0.1161775141954422,0.14398150146007538,0.17583736777305603,0.013100598007440567,0.03162300959229469,0.01914955861866474,-0.11993931978940964,0.04545455425977707,-0.015879547223448753,0.0716007649898529,0.05250350013375282,-0.029477614909410477,0.028944384306669235,0.13874059915542603,0.13686878979206085
-0.002795696258544922,-0.05131673812866211,3.0152652263641357,0.032530415803194046,0.01003109011799097,0.16549484431743622,0.1842440515756607,0.15703085064888,0.19370262324810028,0.09881405532360077,0.06922134757041931,-0.07057793438434601,-0.0769519954919815,0.1428130716085434,0.18220306932926178,0.01790330372750759,0.03775906562805176,-0.01994951255619526,-0.1329151839017868,-0.01990181766450405,-0.08066338300704956,0.06887627393007278,0.07765376567840576,-0.037558287382125854,0.006429355591535568,0.13391269743442535,0.1559106707572937
-0.0014638900756835938,-0.06089353561401367,3.0101332664489746,0.03843679279088974,0.019426517188549042,0.16502055525779724,0.17891119420528412,0.1656702607870102,0.17585389316082,0.10582052916288376,0.07241178303956985,-0.07402241975069046,-0.10008871555328369,0.1497795432806015,0.23019996285438538,0.024417588487267494,0.04131252318620682,-0.03413100913167,-0.12683553993701935,-0.030459774658083916,-0.014965744689106941,0.0733395591378212,0.055815689265728,-0.041931990534067154,0.007182572036981583,0.14423353970050812,0.17520853877067566
-0.002761363983154297,-0.06585407257080078,3.009927988052368,0.04858962073922157,0.013894976116716862,0.16170714795589447,0.18183410167694092,0.17053402960300446,0.12917107343673706,0.10884052515029907,0.02034839615225792,-0.10943128168582916,-0.22447296977043152,0.1497642695903778,0.24246253073215485,0.04392540082335472,0.09749509394168854,-0.03859139606356621,-0.10859692096710205,-0.03489318862557411,-0.01355179212987423,0.04442018270492554,-0.005272332578897476,-0.023695018142461777,-0.011003073304891586,0.13626423478126526,0.1215352714061737
-0.003991603851318359,-0.061279296875,3.0243027210235596,0.05444568395614624,0.04053681343793869,0.150399848818779,0.16234977543354034,0.16346502304077148,0.14067858457565308,0.09729012846946716,0.036198459565639496,-0.14497104287147522,-0.21947261691093445,0.14974337816238403,0.3071397840976715,0.0771678164601326,0.14093352854251862,-0.04235968366265297,-0.0896572545170784,-0.048549097031354904,-0.06276164203882217,-0.01658206805586815,-0.13049976527690887,0.0008556661196053028,0.05040205642580986,0.1125091016292572,0.1033824235200882
-0.0005679130554199219,-0.045094966888427734,3.0284128189086914,0.053118228912353516,0.07956217974424362,0.1338135153055191,0.12108764797449112,0.1665392816066742,0.1447286754846573,0.07809603959321976,0.05337090790271759,-0.15976324677467346,-0.17806775867938995,0.1497218757867813,0.32370275259017944,0.08388451486825943,0.08181886374950409,-0.05406459420919418,-0.0763704776763916,-0.05007484182715416,-0.01525871641933918,-0.05471917241811752,-0.12126941978931427,0.014402138069272041,0.08228537440299988,0.10366475582122803,0.141516774892807
-0.0035080909729003906,-0.033057212829589844,3.0062167644500732,0.06382603198289871,0.0804978534579277,0.12146365642547607,0.12965358793735504,0.1626638025045395,0.09867504984140396,0.057084713131189346,0.02709592878818512,-0.14807841181755066,-0.12988650798797607,0.14984844624996185,0.3074089586734772,0.05928722396492958,0.039716046303510666,-0.05885857716202736,-0.08314801752567291,-0.024071019142866135,0.13389505445957184,-0.04780839756131172,-0.011203750036656857,0.032069962471723557,0.13462935388088226,0.10662844032049179,0.1720191389322281
-0.017271041870117188,-0.03261232376098633,2.9761905670166016,0.07736321538686752,0.0763913094997406,0.11992078274488449,0.11926133185625076,0.15116696059703827,0.05562903732061386,0.058518730103969574,-0.042868997901678085,-0.13063481450080872,-0.11984394490718842,0.14980916678905487,0.2837495505809784,0.051284052431583405,0.09656383097171783,-0.05326671525835991,-0.05717156082391739,0.007020242977887392,0.15021707117557526,-0.0506441593170166,-0.008623466826975346,0.04323951527476311,0.16243262588977814,0.12014609575271606,0.16765256226062775
-0.0331110954284668,-0.049765586853027344,2.94252610206604,0.1284102499485016,0.09763685613870621,0.12081798911094666,0.1391000896692276,0.13823427259922028,0.059584274888038635,0.032551154494285583,-0.058519329875707626,-0.11781398952007294,-0.09722457826137543,0.14999952912330627,0.3037189841270447,0.07284863293170929,0.12810471653938293,-0.04390327259898186,-0.00630003958940506,0.041558586061000824,0.08910718560218811,-0.08106260746717453,-0.0412575863301754,0.0829242616891861,0.20371204614639282,0.11960125714540482,0.18569669127464294
-0.046586036682128906,-0.04642057418823242,2.9291858673095703,0.14886829257011414,0.102056585252285,0.11566402018070221,0.0760318785905838,0.10390570759773254,0.07100075483322144,0.0023362869396805763,-0.10423757880926132,-0.10884568095207214,-0.15858131647109985,0.15002259612083435,0.33351096510887146,0.06439780443906784,0.12285570800304413,-0.047003887593746185,0.020431911572813988,0.06107240542769432,0.09139271825551987,-0.09167823940515518,-0.061027973890304565,0.11823727190494537,0.14150743186473846,0.14985285699367523,0.2138945758342743
-0.049050331115722656,-0.04371213912963867,2.931748151779175,0.15239477157592773,0.14135438203811646,0.0995025634765625,0.08070484548807144,0.08967284858226776,0.022283626720309258,-0.008893154561519623,-0.08340134471654892,-0.1049005314707756,-0.13751734793186188,0.14940018951892853,0.26388904452323914,0.05312689021229744,0.04472287371754646,-0.05489208549261093,0.06617362052202225,0.10222289711236954,0.22572007775306702,-0.07076751440763474,0.013730763457715511,0.1272566318511963,0.0934516191482544,0.1497734934091568,0.31940945982933044
-0.04331350326538086,-0.03930521011352539,2.9285848140716553,0.15976060926914215,0.16153091192245483,0.07843515276908875,0.10413729399442673,0.07509846240282059,0.0006439029239118099,-0.020423786714673042,-0.07343840599060059,-0.1098029613494873,-0.09719399362802505,0.1492566168308258,0.2443142682313919,0.02113218791782856,-0.01080743782222271,-0.04667717218399048,0.07688480615615845,0.19933325052261353,0.3125934898853302,-0.0017090473556891084,0.0639510229229927,0.10397235304117203,0.09446053206920624,0.14981260895729065,0.36030539870262146
-0.03453636169433594,-0.026721954345703125,2.932215929031372,0.16138604283332825,0.15565118193626404,0.055677466094493866,0.11737620085477829,0.07119281589984894,0.01278308592736721,-0.053828153759241104,-0.09115440398454666,-0.0829579085111618,-0.01932917907834053,0.14912629127502441,0.23549909889698029,-0.009591002017259598,-0.014966096729040146,-0.03423234820365906,0.07436530292034149,0.27290743589401245,0.3293869197368622,0.04379872605204582,0.07015103101730347,0.09371200203895569,0.11665491759777069,0.1498345285654068,0.3449449837207794
-0.03739643096923828,-0.01961517333984375,2.9537642002105713,0.1561712920665741,0.14719721674919128,0.047773171216249466,0.18205584585666656,0.050090547651052475,0.03805210813879967,-0.07097447663545609,-0.10709184408187866,-0.06905300915241241,0.05364441126585007,0.1491616666316986,0.2155640423297882,-0.016357166692614555,-0.0035072974860668182,-0.014584800228476524,0.048054300248622894,0.29986345767974854,0.29273220896720886,0.05611640214920044,0.06463442742824554,0.09591825306415558,0.10075004398822784,0.14979298412799835,0.3082943856716156
-0.031279563903808594,-0.012164592742919922,2.9783382415771484,0.1597212702035904,0.149454265832901,0.039382971823215485,0.1340077668428421,0.029613863676786423,0.03781166300177574,-0.1087026596069336,-0.14014992117881775,-0.0386178232729435,0.037141598761081696,0.11810576915740967,0.16723613440990448,-0.017678892239928246,-0.01493697427213192,-0.006087942514568567,0.054372817277908325,0.2998916208744049,0.30638131499290466,0.05919169634580612,0.0601397380232811,0.06959957629442215,0.0443602092564106,0.15000000596046448,0.2987825572490692
-0.025274276733398438,-0.003021717071533203,2.9957058429718018,0.15493708848953247,0.12653498351573944,0.029798218980431557,0.08052610605955124,0.01442778017371893,0.027795730158686638,-0.12800998985767365,-0.13086140155792236,-0.026398422196507454,0.0696147158741951,0.11025258153676987,0.1252872794866562,-0.023261170834302902,-0.04702487215399742,0.011935669928789139,0.05698318034410477,0.2998886704444885,0.35449546575546265,0.05903375521302223,0.1373123824596405,0.06156410276889801,0.05584704130887985,0.15000000596046448,0.3164246678352356
-0.007475376129150391,0.011715546250343323,3.005636692047119,0.13303983211517334,0.10033375024795532,0.0128938565030694,0.10732860118150711,0.009242062456905842,0.0611652210354805,-0.12679536640644073,-0.12227227538824081,-0.022711733356118202,0.06531419605016708,0.08928640931844711,0.12870199978351593,-0.05527516081929207,-0.05846400186419487,0.024387424811720848,0.007516483776271343,0.299912691116333,0.3282390534877777,0.09607846289873123,0.14817458391189575,0.03605177626013756,0.030577687546610832,0.14945591986179352,0.27355077862739563
0.011484808288514614,0.013575030490756035,3.0063908100128174,0.11715596169233322,0.067287378013134,-0.0040343101136386395,0.10541117191314697,0.015794813632965088,0.07743131369352341,-0.11162196844816208,-0.08510862290859222,-0.012810129672288895,0.045993704348802567,0.06615670025348663,0.1145581528544426,-0.06222819164395332,-0.04304729029536247,0.018536848947405815,-0.019313065335154533,0.29728206992149353,0.25000259280204773,0.10893070697784424,0.1414417028427124,0.0011676040012389421,0.005135495215654373,0.14928358793258667,0.2807142436504364
0.024792006239295006,0.010583436116576195,3.017642021179199,0.08523552119731903,0.042096707969903946,-0.008013997226953506,0.12084535509347916,0.04089534282684326,0.11715797334909439,-0.06295407563447952,-0.04112394526600838,-0.02644503489136696,0.036078017204999924,0.0625843033194542,0.11532770097255707,-0.05730965733528137,-0.02002856507897377,-0.009875968098640442,-0.0735325887799263,0.2279900759458542,0.1435176134109497,0.10960490256547928,0.13116326928138733,-0.03992267698049545,-0.049502454698085785,0.14969906210899353,0.2710378170013428
0.02419360540807247,0.0020228885114192963,3.025038957595825,0.06501656770706177,0.04519485682249069,0.005170395597815514,0.13668622076511383,0.08860588073730469,0.1455841362476349,-0.0046394155360758305,0.006069567985832691,-0.06447647511959076,-0.05067046731710434,0.06122202426195145,0.13669349253177643,-0.042118847370147705,-0.0209670327603817,-0.03523596003651619,-0.10600180923938751,0.16574399173259735,0.093827024102211,0.10597304254770279,0.09621398150920868,-0.07575546205043793,-0.06099231168627739,0.14995189011096954,0.2477954626083374
0.0130807189270854,0.0024472838267683983,3.031468391418457,0.04392086714506149,0.020099692046642303,0.037384260445833206,0.13227950036525726,0.12337879091501236,0.17705762386322021,0.04869507998228073,0.03986318036913872,-0.09500110149383545,-0.08022543787956238,0.06771520525217056,0.12339234352111816,-0.03328327089548111,-0.017453685402870178,-0.0398484542965889,-0.13562431931495667,0.11144950240850449,0.07039199769496918,0.1119261160492897,0.10814692080020905,-0.0863710418343544,-0.03878994658589363,0.1496163010597229,0.2035822570323944
0.010759211145341396,0.011630753986537457,3.023146390914917,0.038920361548662186,0.011089463718235493,0.05085083097219467,0.1599966138601303,0.13987836241722107,0.16976185142993927,0.05838969349861145,0.10964738577604294,-0.10498160123825073,-0.07663210481405258,0.07104989886283875,0.09951643645763397,-0.0357421413064003,-0.021423716098070145,-0.05351993441581726,-0.1448655128479004,0.08030565828084946,0.05849258601665497,0.10632776468992233,0.15442150831222534,-0.08605708181858063,0.015928152948617935,0.1496799737215042,0.21517568826675415
-0.0016522407531738281,0.013004443608224392,3.0187923908233643,0.018645402044057846,-0.008748629130423069,0.0721738412976265,0.17133165895938873,0.14150430262088776,0.16063247621059418,0.10315418243408203,0.1303841471672058,-0.11440416425466537,-0.07179362326860428,0.0763554647564888,0.12950047850608826,-0.02810155414044857,0.021973151713609695,-0.05475478619337082,-0.15106457471847534,0.04834580793976784,0.017900528386235237,0.09239079058170319,0.1256495714187622,-0.07114313542842865,0.05051523074507713,0.14957185089588165,0.20483075082302094
-0.013004302978515625,0.0027610461693257093,3.009629249572754,0.02564883604645729,0.03482668474316597,0.08631651848554611,0.17091004550457,0.14863616228103638,0.13469475507736206,0.11851699650287628,0.08189313858747482,-0.12195237725973129,-0.14937078952789307,0.08969742059707642,0.17619776725769043,-0.018613509833812714,0.0406150296330452,-0.05645757168531418,-0.11131783574819565,0.028426777571439743,0.03518902510404587,0.08589030057191849,0.04911532253026962,-0.04650455340743065,0.03688601776957512,0.14979533851146698,0.19723324477672577
-0.02905130386352539,-0.0076618194580078125,3.0123720169067383,0.03717048466205597,0.04461218789219856,0.09975508600473404,0.1720849722623825,0.15153488516807556,0.13340772688388824,0.11418529599905014,0.06620428711175919,-0.13942047953605652,-0.17166286706924438,0.12163058668375015,0.2533593773841858,0.009601113386452198,0.099882572889328,-0.05253291130065918,-0.08202866464853287,0.008800418116152287,-0.03445333242416382,0.04617198556661606,-0.05336253345012665,-0.021411826834082603,0.07572810351848602,0.1498761773109436,0.16772092878818512
-0.03594255447387695,-0.015766620635986328,3.011557102203369,0.042032089084386826,0.06281784921884537,0.10068876296281815,0.15141944587230682,0.15172383189201355,0.12339269369840622,0.1168999969959259,0.09024122357368469,-0.147639662027359,-0.19860310852527618,0.13906066119670868,0.23757046461105347,0.029158998280763626,0.0675220787525177,-0.05239363759756088,-0.0758286640048027,0.004962015897035599,0.0398850291967392,0.014680842868983746,-0.03883250057697296,-0.004987201653420925,0.06784002482891083,0.14986127614974976,0.1828782856464386
-0.031981468200683594,-0.027227401733398438,2.994649887084961,0.0651862844824791,0.050526510924100876,0.08342181146144867,0.08618255704641342,0.15789063274860382,0.10522552579641342,0.11003054678440094,0.02504558116197586,-0.1740436553955078,-0.24969974160194397,0.1496492326259613,0.2686537206172943,0.05277879536151886,0.08618439733982086,-0.05893022567033768,-0.07674971222877502,0.022391965612769127,0.07546930015087128,-0.02384897507727146,-0.0381605289876461,0.008313079364597797,0.07040876150131226,0.14698562026023865,0.15076780319213867
-0.026041507720947266,-0.02294445037841797,2.978992223739624,0.07069507241249084,0.06063341349363327,0.06386955082416534,0.09842725843191147,0.16173933446407318,0.10106257349252701,0.10032737255096436,0.015986625105142593,-0.18921881914138794,-0.18383429944515228,0.14975537359714508,0.29719749093055725,0.05112934857606888,0.09626764059066772,-0.06959936767816544,-0.0671551451086998,0.039161693304777145,0.08526521921157837,-0.04652967303991318,-0.05357619374990463,0.015683840960264206,0.08873319625854492,0.14395852386951447,0.1676814705133438
-0.029409408569335938,-0.030621051788330078,2.9546115398406982,0.09748370200395584,0.10437090694904327,0.0597837008535862,0.12356580048799515,0.15844681859016418,0.08077122271060944,0.07031453400850296,0.005658789537847042,-0.15079042315483093,-0.1560189425945282,0.14951200783252716,0.2939903438091278,0.0560067780315876,0.07400845736265182,-0.06950122117996216,-0.03359214961528778,0.06496043503284454,0.12335270643234253,-0.0649438351392746,-0.05148930102586746,0.03501759469509125,0.10022254288196564,0.1497892141342163,0.21458372473716736
-0.03777503967285156,-0.04287290573120117,2.925098419189453,0.1357778012752533,0.10982958972454071,0.060141801834106445,0.09631858021020889,0.1482861340045929,0.05600321292877197,0.0450257807970047,-0.05750648304820061,-0.14645321667194366,-0.16698718070983887,0.15010730922222137,0.29126688838005066,0.062111254781484604,0.09273111820220947,-0.061408694833517075,0.009628873318433762,0.09683109074831009,0.15268157422542572,-0.08017423748970032,-0.06204265356063843,0.06505849957466125,0.11128748953342438,0.14969728887081146,0.2068396806716919
-0.040645599365234375,-0.04287147521972656,2.9083707332611084,0.1600123792886734,0.12736718356609344,0.05390314757823944,0.12646786868572235,0.1247483640909195,0.02874586544930935,0.014342005364596844,-0.06111199036240578,-0.13842514157295227,-0.08408588916063309,0.14655721187591553,0.23842662572860718,0.03099401295185089,0.06348916888237,-0.05267418548464775,0.039222076535224915,0.13824401795864105,0.19566088914871216,-0.04256096109747887,0.028790293261408806,0.08550998568534851,0.1374937742948532,0.14971965551376343,0.26062747836112976
-0.050153255462646484,-0.04320716857910156,2.9216105937957764,0.16686075925827026,0.14854197204113007,0.060492563992738724,0.15416474640369415,0.08816388994455338,0.014226069673895836,0.0009907007915899158,-0.020811330527067184,-0.1297360211610794,-0.08522862941026688,0.14555978775024414,0.18298481404781342,0.012444572523236275,-0.020489294081926346,-0.03189634531736374,0.06312200427055359,0.17395378649234772,0.312628835439682,-0.006207017693668604,0.10729436576366425,0.10137522220611572,0.1234399676322937,0.14984530210494995,0.32643774151802063
-0.05647993087768555,-0.04205465316772461,2.9482028484344482,0.16562789678573608,0.16649843752384186,0.06947951763868332,0.13756205141544342,0.0520843081176281,-0.0029232087545096874,-0.005924648605287075,-0.05956787243485451,-0.12081056833267212,-0.10360495001077652,0.13729335367679596,0.18804384768009186,0.003936753608286381,-0.04554843530058861,-0.008401641622185707,0.09258126467466354,0.2145976722240448,0.3427499830722809,0.024536246433854103,0.11116133630275726,0.10278074443340302,0.08225297927856445,0.14988461136817932,0.3591071367263794
-0.049918174743652344,-0.033843040466308594,2.9748387336730957,0.16418451070785522,0.1555250883102417,0.06333417445421219,0.19234125316143036,0.027257094159722328,0.018446290865540504,-0.037649791687726974,-0.08157703280448914,-0.10169071704149246,-0.014530782587826252,0.12437013536691666,0.23567411303520203,-0.0010996201308444142,-0.0024741068482398987,0.005250323098152876,0.07738383859395981,0.2504758834838867,0.26236915588378906,0.03779265284538269,0.04651984944939613,0.09482772648334503,0.08166980743408203,0.14993397891521454,0.341225266456604
-0.03171110153198242,-0.019746780395507812,2.990912437438965,0.15719321370124817,0.14861264824867249,0.04071696847677231,0.16072164475917816,0.012859341688454151,0.06762003153562546,-0.07419188320636749,-0.09538238495588303,-0.061327800154685974,0.041474293917417526,0.13229292631149292,0.23248203098773956,-0.006362456828355789,-0.009066922590136528,0.00702770845964551,0.05064478516578674,0.264754980802536,0.2492571771144867,0.02946673333644867,0.023511452600359917,0.06229975447058678,0.03327372297644615,0.15000000596046448,0.3311816453933716
-0.003338336944580078,-0.0062427520751953125,2.9917056560516357,0.14890450239181519,0.10382425040006638,0.01648549921810627,0.11120008677244186,0.021486220881342888,0.08102013170719147,-0.10385177284479141,-0.12434887140989304,-0.022066108882427216,0.1141548827290535,0.12927517294883728,0.1879260540008545,-0.026398837566375732,-0.005352506414055824,0.005602147430181503,0.0025554895401000977,0.26447275280952454,0.26795127987861633,0.040273506194353104,0.09167763590812683,0.040131811052560806,0.022168384864926338,0.15000000596046448,0.2893076539039612
0.026969602331519127,0.0039016460068523884,2.993303060531616,0.130568265914917,0.08314470201730728,-0.0020001493394374847,0.08992394059896469,0.03342119976878166,0.06741087883710861,-0.10783183574676514,-0.10704725980758667,0.00014273784472607076,0.054293591529130936,0.1097988411784172,0.1171027198433876,-0.05106111988425255,-0.04171755164861679,0.016280390322208405,-0.004434194415807724,0.2925489842891693,0.33690497279167175,0.08108404278755188,0.14600303769111633,0.014914041385054588,0.008599266409873962,0.14940251410007477,0.2693166732788086
0.04385959729552269,0.007594090420752764,3.0019006729125977,0.10852053016424179,0.0769628956913948,0.0024247479159384966,0.10025893896818161,0.055982913821935654,0.0857706218957901,-0.09212968498468399,-0.08031728118658066,-0.008476132526993752,-0.005890299566090107,0.09033472836017609,0.08767534792423248,-0.06412722170352936,-0.060190703719854355,0.020859945565462112,-0.03205138444900513,0.29977700114250183,0.2997087240219116,0.11006106436252594,0.15385682880878448,-0.03383565694093704,-0.004497159272432327,0.14917564392089844,0.24349701404571533
0.03696101903915405,0.0034139216877520084,3.0212650299072266,0.07144246995449066,0.06794892996549606,0.036842990666627884,0.13541778922080994,0.06990381330251694,0.11644021421670914,-0.04227486252784729,-0.01144119817763567,-0.03553836792707443,0.00011893827468156815,0.054547302424907684,0.08845104277133942,-0.07436449825763702,-0.061695028096437454,0.02794136106967926,-0.056219473481178284,0.2722707986831665,0.1957893818616867,0.12729762494564056,0.15080514550209045,-0.056919198483228683,0.02586565539240837,0.149773970246315,0.24544082581996918
0.02743617445230484,-0.026044845581054688,3.0330235958099365,0.06481169909238815,0.04622715711593628,0.06305587291717529,0.16945193707942963,0.07633578032255173,0.1352161318063736,-0.00689556123688817,0.014113052748143673,-0.032377175986766815,-0.05149935558438301,0.03346087038516998,0.09309059381484985,-0.06457819789648056,-0.04108337685465813,0.029905220493674278,-0.08801858872175217,0.23758819699287415,0.1042918860912323,0.14216238260269165,0.12919770181179047,-0.04477139189839363,-0.02125583589076996,0.14968925714492798,0.22440078854560852
0.0306833628565073,-0.057974815368652344,3.036147117614746,0.06661444157361984,0.029885966330766678,0.06502357870340347,0.15901653468608856,0.09214432537555695,0.16452057659626007,0.024438239634037018,0.003650926984846592,-0.032089002430438995,-0.12554866075515747,0.05855090543627739,0.15211248397827148,-0.04713669791817665,0.0015351120382547379,-0.003132142126560211,-0.13489952683448792,0.17885471880435944,0.041968196630477905,0.14093756675720215,0.10666632652282715,-0.042228687554597855,-0.07325337827205658,0.14898167550563812,0.20485004782676697
0.03232625499367714,-0.08600616455078125,3.045741558074951,0.07078976929187775,-0.0009118122979998589,0.057434070855379105,0.11712144315242767,0.10096824914216995,0.1930738240480423,0.06174614280462265,-0.014307291246950626,-0.07881645858287811,-0.18419241905212402,0.10743670910596848,0.22495602071285248,-0.009586797095835209,0.056572433561086655,-0.04790645092725754,-0.16367244720458984,0.11123289167881012,-0.007403681054711342,0.12412122637033463,0.07252777367830276,-0.03792062774300575,-0.06068195775151253,0.14992022514343262,0.16956964135169983
0.032760750502347946,-0.08624649047851562,3.05395245552063,0.06392133980989456,0.0031200265511870384,0.04960134997963905,0.13829460740089417,0.11932960897684097,0.19450370967388153,0.08193271607160568,0.030513595789670944,-0.13702720403671265,-0.22807851433753967,0.1496621072292328,0.2568289041519165,0.018250782042741776,0.0675182044506073,-0.0889863669872284,-0.1497357040643692,0.05659215897321701,-0.006856372579932213,0.08148429542779922,0.006670977920293808,-0.02322043664753437,-0.03753475472331047,0.14935527741909027,0.15050172805786133
0.03272730112075806,-0.06582307815551758,3.0546352863311768,0.04972436651587486,0.013860120438039303,0.04532283544540405,0.13502147793769836,0.1340707689523697,0.16216905415058136,0.07727273553609848,0.10584966838359833,-0.1625434309244156,-0.1990947723388672,0.1494472473859787,0.2111445814371109,0.02182469330728054,0.043244197964668274,-0.11502666771411896,-0.12831205129623413,0.027445564046502113,0.024185309186577797,0.05145581066608429,0.024302029982209206,-0.025669056922197342,-0.0030108802020549774,0.14989934861660004,0.18534749746322632
0.018648846074938774,-0.0497593879699707,3.03774094581604,0.028910234570503235,0.037241578102111816,0.06979117542505264,0.14987337589263916,0.15277795493602753,0.1214921697974205,0.10177268087863922,0.1512860804796219,-0.12722420692443848,-0.08278496563434601,0.14999635517597198,0.15326818823814392,0.0045850626192986965,-0.0038028880953788757,-0.10188883543014526,-0.10295430570840836,0.055767565965652466,0.12036197632551193,0.050709497183561325,0.0883386954665184,-0.0019027265952900052,0.08903230726718903,0.14986087381839752,0.22025828063488007
-0.009851932525634766,-0.059377193450927734,3.005261182785034,0.043150268495082855,0.05745074152946472,0.10993196070194244,0.1555888056755066,0.14740128815174103,0.10434301942586899,0.12048152834177017,0.07463161647319794,-0.10464995354413986,-0.07531121373176575,0.12866637110710144,0.15566976368427277,0.006232499610632658,0.021833285689353943,-0.06470371037721634,-0.07908695191144943,0.08094921708106995,0.11673381924629211,0.040565237402915955,0.044867582619190216,0.01329844444990158,0.11577828228473663,0.14148302376270294,0.15847864747047424
-0.017066001892089844,-0.0694131851196289,2.9830515384674072,0.06671398133039474,0.05275958403944969,0.11989597231149673,0.1371670812368393,0.14164115488529205,0.09200480580329895,0.11955245584249496,-0.007868754677474499,-0.1135203018784523,-0.15400449931621552,0.11395345628261566,0.21713577210903168,0.012756934389472008,0.10305948555469513,-0.05749720335006714,-0.06252096593379974,0.10272932052612305,0.031153975054621696,0.024478916078805923,-0.005789927206933498,0.032216448336839676,0.12757976353168488,0.13691961765289307,0.12347318977117538
-0.017604351043701172,-0.08092641830444336,2.984609842300415,0.07934209704399109,0.07331705838441849,0.10450451821088791,0.11565987020730972,0.13575685024261475,0.08695987612009048,0.11857429891824722,0.013066527433693409,-0.12585872411727905,-0.25201359391212463,0.13909561932086945,0.2726711332798004,0.040110405534505844,0.09952029585838318,-0.06924443691968918,-0.035507626831531525,0.1025652289390564,0.03245913237333298,-0.010668986476957798,-0.03727667033672333,0.04975421354174614,0.10876429080963135,0.1346195638179779,0.1761685460805893
-0.002360820770263672,-0.08920097351074219,2.9845595359802246,0.11813421547412872,0.09759018570184708,0.07016458362340927,0.0724291130900383,0.1437816321849823,0.07797066122293472,0.09116323292255402,-0.09483340382575989,-0.19058246910572052,-0.3369750678539276,0.14949102699756622,0.36154934763908386,0.07770920544862747,0.11299066245555878,-0.09878626465797424,-0.018066011369228363,0.09927432239055634,0.07280335575342178,-0.060079921036958694,-0.11993681639432907,0.061404142528772354,0.028313372284173965,0.13465580344200134,0.16204498708248138
0.006344240624457598,-0.06702661514282227,2.989832639694214,0.13227732479572296,0.11607131361961365,0.04443095624446869,0.07769586890935898,0.12914122641086578,0.056884244084358215,0.021612901240587234,-0.05822467431426048,-0.16328193247318268,-0.16927635669708252,0.14938320219516754,0.3568437993526459,0.07589253038167953,0.0929141640663147,-0.11046808212995529,0.00581368850544095,0.12480207532644272,0.1498439759016037,-0.0921798050403595,-0.08958593010902405,0.07674382627010345,0.10324764251708984,0.1498153805732727,0.2508279085159302
-0.01184225082397461,-0.04936790466308594,2.9773876667022705,0.12858271598815918,0.15887683629989624,0.06203249841928482,0.1299804449081421,0.10026881843805313,0.05060966685414314,-0.000359228637535125,0.016796953976154327,-0.0764271691441536,0.001481260173022747,0.14567632973194122,0.25343945622444153,0.02358303964138031,-0.00672457180917263,-0.06441298872232437,0.015696058049798012,0.19530968368053436,0.2756791412830353,-0.033455897122621536,0.018125036731362343,0.08167067915201187,0.11943231523036957,0.14968249201774597,0.3393873870372772
-0.012923717498779297,-0.05203723907470703,2.964869737625122,0.14654815196990967,0.14390099048614502,0.06744778901338577,0.10291069000959396,0.09855963289737701,0.020342623814940453,-0.018785608932375908,-0.06327586621046066,-0.07166685909032822,0.018098123371601105,0.11561619490385056,0.17593811452388763,-0.017444362863898277,-0.017357606440782547,-0.03360699489712715,0.03207312524318695,0.26153692603111267,0.3507552742958069,0.04116443544626236,0.10404255986213684,0.08212810009717941,0.12202772498130798,0.1496637761592865,0.2965368330478668
-0.007986068725585938,-0.05763435363769531,2.981374979019165,0.1471281200647354,0.146697998046875,0.05517677962779999,0.09957317262887955,0.08206277340650558,-0.010038577020168304,-0.02896066941320896,-0.07063909620046616,-0.04454328119754791,0.007611776702105999,0.12193818390369415,0.11230256408452988,-0.022203844040632248,-0.03549175709486008,-0.02294796146452427,0.08752185106277466,0.29463711380958557,0.4182855784893036,0.06780943274497986,0.16782695055007935,0.0854267030954361,0.17870642244815826,0.14977282285690308,0.31702449917793274
-0.012056827545166016,-0.061789512634277344,3.003546953201294,0.14839839935302734,0.1569136083126068,0.05298716202378273,0.12491586059331894,0.06060675159096718,0.025992361828684807,-0.039149682968854904,-0.08006101846694946,-0.04575394466519356,-0.09666011482477188,0.12982448935508728,0.10789068043231964,-0.023097814992070198,-0.05702812597155571,-0.008021850138902664,0.10304738581180573,0.2998652458190918,0.3770657479763031,0.08486095070838928,0.13305652141571045,0.08806058019399643,0.07453379034996033,0.1497623175382614,0.3090272843837738
-0.013770103454589844,-0.06237030029296875,3.023926258087158,0.14332245290279388,0.10733301192522049,0.05203641206026077,0.06810910999774933,0.039954397827386856,0.01278168149292469,-0.044218529015779495,-0.1924077719449997,-0.045800819993019104,-0.1456001102924347,0.12235883623361588,0.17929130792617798,-0.021773654967546463,0.0209382064640522,0.001475221011787653,0.08060123771429062,0.2998718321323395,0.31302687525749207,0.09003296494483948,0.07553444802761078,0.08295991271734238,0.022266387939453125,0.1496419906616211,0.25531676411628723
-0.008987903594970703,-0.06297540664672852,3.030355453491211,0.13936468958854675,0.08627709001302719,0.04667782783508301,0.14041714370250702,0.03390766680240631,0.02995304949581623,-0.045120563358068466,-0.1214696541428566,-0.04027698189020157,0.010537694208323956,0.11817343533039093,0.140499085187912,-0.019551090896129608,-0.0018511805683374405,0.0020239923615008593,0.04682100564241409,0.29989203810691833,0.2707791328430176,0.08951181173324585,0.10837970674037933,0.07337290048599243,-0.01767878606915474,0.14957845211029053,0.29782071709632874
0.0038232337683439255,-0.05903005599975586,3.0260391235351562,0.13536684215068817,0.08273202180862427,0.035675689578056335,0.14198748767375946,0.03945213183760643,0.1050642803311348,-0.04733292758464813,-0.09879912436008453,-0.037526603788137436,0.011066953651607037,0.11391155421733856,0.1631575971841812,-0.02442154847085476,-0.034748293459415436,-0.004700829274952412,-0.047907039523124695,0.2998976409435272,0.20044778287410736,0.09270736575126648,0.10860249400138855,0.05102948099374771,-0.1073189526796341,0.14968916773796082,0.27481773495674133
0.027145694941282272,-0.0463104248046875,3.0180325508117676,0.121958427131176,0.04522421211004257,0.015130332671105862,0.0897841826081276,0.050148457288742065,0.14598722755908966,-0.046138495206832886,-0.09047537297010422,-0.037449005991220474,-0.015575009398162365,0.11090519279241562,0.17529112100601196,-0.03714635595679283,-0.027105677872896194,-0.025998102501034737,-0.10565311461687088,0.2804744839668274,0.16453009843826294,0.09550458937883377,0.12433452904224396,0.008749150671064854,-0.07905438542366028,0.14970803260803223,0.23513491451740265
0.04394739121198654,-0.03330516815185547,3.0120749473571777,0.0909699872136116,0.015490681864321232,0.014084458351135254,0.17004163563251495,0.07432473450899124,0.14951364696025848,-0.014514093287289143,-0.013807694427669048,-0.044817276298999786,-0.04187026619911194,0.09792917221784592,0.1277899593114853,-0.05793054774403572,-0.015940118581056595,-0.03912506252527237,-0.10631022602319717,0.25237002968788147,0.14351072907447815,0.11484428495168686,0.16683143377304077,-0.036669280380010605,-0.030892543494701385,0.14028456807136536,0.2155018001794815
0.030156761407852173,-0.03895998001098633,3.0321249961853027,0.0573999397456646,0.009971541352570057,0.05595376715064049,0.18655961751937866,0.09059754759073257,0.14411066472530365,0.04137682914733887,0.008174478076398373,-0.05898679420351982,-0.07928749918937683,0.04905880615115166,0.08161643147468567,-0.0593218132853508,-0.02010795846581459,-0.031982824206352234,-0.10228906571865082,0.1991329789161682,0.11406663060188293,0.14318136870861053,0.1734847128391266,-0.05315586179494858,-0.011674974113702774,0.14610381424427032,0.1924130618572235
0.0015858551487326622,-0.05397176742553711,3.0392556190490723,0.03972010314464569,0.05570773780345917,0.11243273317813873,0.22088491916656494,0.09823007881641388,0.12016657739877701,0.09211564064025879,0.11742758005857468,-0.06574026495218277,-0.013467987067997456,-0.0032906420528888702,0.039414167404174805,-0.06038802117109299,-0.06847777962684631,-0.005255232565104961,-0.056661345064640045,0.17047354578971863,0.1382247507572174,0.16233780980110168,0.16361290216445923,-0.03100866638123989,0.0554729588329792,0.1496601104736328,0.283582478761673
-0.012325763702392578,-0.07210969924926758,3.043882131576538,0.04265005886554718,0.026669934391975403,0.13682253658771515,0.23377741873264313,0.10569074004888535,0.13974310457706451,0.11244388669729233,0.0827149972319603,-0.07243742048740387,-0.07462049275636673,-0.004132488276809454,0.09102627635002136,-0.045243654400110245,-0.011992471292614937,-0.01671052724123001,-0.11925489455461502,0.11219494044780731,0.03358348459005356,0.14522291719913483,0.12366019934415817,-0.010315297171473503,-0.023348331451416016,0.14987342059612274,0.20798394083976746
-0.0021314620971679688,-0.08414316177368164,3.0341758728027344,0.048043474555015564,0.01299768965691328,0.12627379596233368,0.132327601313591,0.11929446458816528,0.16411811113357544,0.12499570846557617,0.024854619055986404,-0.07740853726863861,-0.20448468625545502,0.007878507487475872,0.2221592664718628,-0.03980549797415733,0.06513132154941559,-0.05270291864871979,-0.15329411625862122,0.0833061933517456,-0.03443131595849991,0.12808461487293243,0.02888772450387478,-0.010753806680440903,-0.05446670576930046,0.1498546302318573,0.16049182415008545
0.0002857554645743221,-0.09624814987182617,3.028043508529663,0.055139750242233276,0.010265112854540348,0.12336708605289459,0.1184590682387352,0.12891364097595215,0.17915691435337067,0.13452063500881195,0.018670426681637764,-0.08642131090164185,-0.2548827826976776,0.027311284095048904,0.31149500608444214,-0.032242678105831146,0.09363731741905212,-0.06384648382663727,-0.14459633827209473,0.07466614991426468,-0.05253307521343231,0.12910966575145721,-0.04750366881489754,-0.009366810321807861,-0.042123470455408096,0.1497608870267868,0.1330624371767044
-0.0008268356323242188,-0.10863590240478516,3.037586212158203,0.07913001626729965,0.030256696045398712,0.1016184464097023,0.13037711381912231,0.12910443544387817,0.1432979553937912,0.14068162441253662,-0.011971459724009037,-0.17051449418067932,-0.33686602115631104,0.1204826682806015,0.31285858154296875,0.03805214539170265,0.08342970907688141,-0.0705244317650795,-0.10654223710298538,0.057770926505327225,0.02774275653064251,0.038526833057403564,-0.09285116195678711,0.017637377604842186,-0.01949307695031166,0.11395180970430374,0.09804938733577728
0.0059892237186431885,-0.06714248657226562,3.0436782836914062,0.0667719617486,0.053139157593250275,0.07431458681821823,0.13305096328258514,0.13453124463558197,0.1211986169219017,0.10346110910177231,0.1268090307712555,-0.21723951399326324,-0.1776600182056427,0.14974406361579895,0.2114206701517105,0.03649420663714409,0.04033263400197029,-0.08631113171577454,-0.06894006580114365,0.05511989817023277,0.0850222259759903,-0.021640678867697716,-0.01544941309839487,0.02895810827612877,0.08522920310497284,0.12637901306152344,0.20694097876548767
0.004595939535647631,-0.035180091857910156,3.0509557723999023,0.05004376918077469,0.10120635479688644,0.07442747056484222,0.1216714158654213,0.13513602316379547,0.08669962733983994,0.08825600147247314,0.16761665046215057,-0.21136151254177094,-0.08560827374458313,0.14971481263637543,0.15480589866638184,0.024152511730790138,-0.04541269689798355,-0.08474373072385788,-0.06813998520374298,0.07347946614027023,0.22843366861343384,-0.02936783991754055,0.06513724476099014,0.03892926126718521,0.12400086224079132,0.15000000596046448,0.2583458125591278
-0.01461648941040039,-0.03458261489868164,3.010749101638794,0.08884023874998093,0.1297411322593689,0.09373168647289276,0.1255728155374527,0.11601270735263824,0.06468456238508224,0.05969538912177086,0.07067325711250305,-0.10485513508319855,-0.06516650319099426,0.14999663829803467,0.213656947016716,0.003612836357206106,-0.0020653102546930313,-0.052662286907434464,-0.037894003093242645,0.12017133831977844,0.21842384338378906,-0.008405658416450024,0.012143983505666256,0.05012715980410576,0.16331109404563904,0.14946655929088593,0.23338544368743896
-0.03106546401977539,-0.0491032600402832,2.997194528579712,0.12980684638023376,0.08070939034223557,0.10477986931800842,0.15297919511795044,0.1202426552772522,0.07881296426057816,0.0347917266190052,-0.07244973629713058,-0.12076763808727264,-0.06597273051738739,0.1497565507888794,0.28576675057411194,0.034237124025821686,0.12094449996948242,-0.039624832570552826,-0.043868646025657654,0.12627822160720825,0.09446171671152115,-0.04371732473373413,-0.013014704920351505,0.07850153744220734,0.13881590962409973,0.14436759054660797,0.14987364411354065
-0.04311180114746094,-0.05991411209106445,3.0064923763275146,0.14095497131347656,0.12641210854053497,0.11045728623867035,0.18379826843738556,0.10584254562854767,0.05235930532217026,0.03362325206398964,-0.020728662610054016,-0.12328223139047623,-0.1806630790233612,0.14973808825016022,0.2721191942691803,0.04515606909990311,0.0805378258228302,-0.03342093899846077,0.024501387029886246,0.12020643800497055,0.13950702548027039,-0.04181870445609093,0.0005880993558093905,0.09972380846738815,0.16111454367637634,0.14968372881412506,0.2399672120809555
-0.058515071868896484,-0.07483434677124023,3.0132393836975098,0.15372414886951447,0.139077290892601,0.12279296666383743,0.10626376420259476,0.09787126630544662,0.06821192800998688,0.04400922358036041,-0.026808463037014008,-0.13177698850631714,-0.22962705790996552,0.14953042566776276,0.2781916558742523,0.05656099319458008,0.06789079308509827,-0.021168529987335205,0.06251021474599838,0.1145942360162735,0.13373371958732605,-0.0308208130300045,-0.0487661175429821,0.11608442664146423,0.06552723050117493,0.1498064249753952,0.2707740068435669
-0.04585456848144531,-0.07010936737060547,3.0183053016662598,0.1716417819261551,0.12433268874883652,0.10233542323112488,0.08603089302778244,0.09717946499586105,0.021434670314192772,0.010275201871991158,-0.1408844292163849,-0.12455693632364273,-0.1799791306257248,0.14932776987552643,0.29308775067329407,0.052896734327077866,0.06470847129821777,-0.027224374935030937,0.03878188878297806,0.1611616164445877,0.21314427256584167,-0.007564437575638294,0.020238758996129036,0.07744375616312027,0.032230596989393234,0.15000000596046448,0.27556535601615906
-0.025916099548339844,-0.04327106475830078,3.0433483123779297,0.16204385459423065,0.1307326853275299,0.0736970528960228,0.2075011432170868,0.07578787952661514,0.04609578847885132,-0.017165370285511017,0.022103048861026764,-0.13266341388225555,0.08849577605724335,0.14935657382011414,0.21923111379146576,0.04811807721853256,-0.008911311626434326,-0.038872409611940384,0.053555458784103394,0.18416759371757507,0.2823489010334015,-0.002080292208120227,0.08464788645505905,0.055541250854730606,0.12846535444259644,0.1494181901216507,0.3699221909046173
-0.012777328491210938,-0.0011153221130371094,3.0205981731414795,0.1271054595708847,0.17142698168754578,0.07525955140590668,0.20645876228809357,0.09641185402870178,0.04478960484266281,-0.023878738284111023,0.028349846601486206,-0.0689011812210083,0.10730573534965515,0.08778305351734161,0.14748893678188324,-0.04915710166096687,-0.09679760038852692,-0.011192986741662025,0.061160191893577576,0.2697165310382843,0.3586357831954956,0.09284244477748871,0.13279438018798828,0.04546872526407242,0.1009986400604248,0.1495922952890396,0.3869227468967438
-0.007269859313964844,-0.0022735595703125,3.026909589767456,0.1406092494726181,0.08989474922418594,0.07250988483428955,0.12404625117778778,0.08943330496549606,0.019215388223528862,-0.05399906635284424,-0.21011313796043396,-0.028806110844016075,0.05799910053610802,0.07421007007360458,0.19211448729038239,-0.04437345266342163,0.06896784901618958,0.0009856803808361292,0.024245724081993103,0.29702985286712646,0.2543462812900543,0.09096401184797287,0.05783408135175705,0.06353488564491272,0.07479670643806458,0.14983144402503967,0.20451651513576508
-0.006522655487060547,0.0012837494723498821,3.056117534637451,0.1378035694360733,0.1362999975681305,0.07170375436544418,0.19061608612537384,0.06043750420212746,0.04462350532412529,-0.07845956832170486,-0.11201659590005875,-0.002424494130536914,0.06477871537208557,0.08398382365703583,0.10487989336252213,-0.03795778378844261,-0.02721254900097847,0.015239106491208076,0.05971762537956238,0.29988038539886475,0.3430759608745575,0.08894768357276917,0.10336538404226303,0.07277601957321167,0.06454645842313766,0.1498718559741974,0.25085702538490295
-0.011399269104003906,0.007006368599832058,3.085209369659424,0.12792402505874634,0.10860787332057953,0.08775513619184494,0.13255254924297333,0.06106320023536682,0.07137532532215118,-0.09050605446100235,-0.10299120098352432,-0.0221401397138834,-0.05552144721150398,0.11097679287195206,0.12402351200580597,-0.048491641879081726,-0.04743928834795952,0.04224991425871849,0.02654387801885605,0.29799118638038635,0.28176409006118774,0.12055694311857224,0.1601460874080658,0.049428991973400116,0.029840324074029922,0.15000000596046448,0.25701668858528137
-0.012043476104736328,0.011105291545391083,3.1244914531707764,0.09218095242977142,0.07848653942346573,0.10188236832618713,0.16230563819408417,0.042680852115154266,0.08018770068883896,-0.05390465632081032,-0.015831459313631058,-0.05675883591175079,-0.017417002469301224,0.08585192263126373,0.11663796007633209,-0.046871475875377655,-0.04270818457007408,0.04292484000325203,-0.010949967429041862,0.25983917713165283,0.21259567141532898,0.135547935962677,0.1440466195344925,0.0013448568060994148,0.01754174754023552,0.14970499277114868,0.2935715615749359
0.010871859267354012,0.00618396932259202,3.140594482421875,0.0783623605966568,0.053008176386356354,0.09343085438013077,0.20695216953754425,0.05741008371114731,0.13191170990467072,-0.03086010366678238,-0.04557513818144798,-0.05822546407580376,-0.005308627150952816,0.08958900719881058,0.19638623297214508,-0.018551435321569443,0.023590361699461937,-0.0010048325639218092,-0.09530509263277054,0.20184214413166046,0.046300195157527924,0.10093607753515244,0.04636189714074135,-0.04818753898143768,-0.09398557245731354,0.14959478378295898,0.24004068970680237
0.03428732231259346,0.010713418945670128,3.138695240020752,0.06793885678052902,0.031785544008016586,0.09162332117557526,0.12504446506500244,0.08757411688566208,0.18386946618556976,-0.028389453887939453,-0.033884380012750626,-0.0484137162566185,0.06434981524944305,0.0861520990729332,0.23836354911327362,-0.01381128840148449,0.05190137401223183,-0.03194697946310043,-0.1369655579328537,0.1836160272359848,0.025902027264237404,0.08027766644954681,0.037478119134902954,-0.08628807961940765,-0.03936794400215149,0.14825668931007385,0.23679184913635254
0.033625803887844086,0.0033338158391416073,-3.124143600463867,0.047193825244903564,0.0013895491138100624,0.1182844340801239,0.1543424129486084,0.1067587360739708,0.19902373850345612,-0.00588690722361207,0.04279414191842079,-0.030731527134776115,0.031788814812898636,0.10830824077129364,0.169589102268219,-0.00811587180942297,0.02680669166147709,-0.03428855538368225,-0.13268780708312988,0.15046259760856628,0.009410863742232323,0.08189999312162399,0.07423460483551025,-0.08074858039617538,-0.01444634422659874,0.149491086602211,0.19886526465415955
0.02699347771704197,-0.010391712188720703,-3.1007938385009766,0.030351605266332626,0.01045896951109171,0.14877277612686157,0.23196233808994293,0.13474763929843903,0.14756248891353607,0.013300725258886814,0.15069802105426788,-0.023893432691693306,-0.14351396262645721,0.12205488234758377,0.05617662891745567,0.0013051022542640567,-0.039585161954164505,-0.036895666271448135,-0.12262480705976486,0.113056980073452,0.1491796374320984,0.08435472846031189,0.09684403240680695,-0.07429792732000351,-0.014733221381902695,0.149767205119133,0.15269288420677185
0.016596470028162003,-0.02623748779296875,-3.1006617546081543,0.010953100398182869,0.020538367331027985,0.17640474438667297,0.17480887472629547,0.13584163784980774,0.11610333621501923,0.068883515894413,0.23172138631343842,-0.05592982843518257,-0.1896781325340271,0.09367872029542923,0.007998855784535408,-0.00913973804563284,-0.08035174012184143,-0.02602514624595642,-0.08770657330751419,0.10716806352138519,0.10887337476015091,0.1134774461388588,0.18787001073360443,-0.07352139055728912,0.06995362043380737,0.14948585629463196,0.18995301425457
0.011198139749467373,-0.045647621154785156,-3.117272138595581,0.013982304371893406,-0.015670686960220337,0.18431100249290466,0.24182666838169098,0.14148448407649994,0.08709374815225601,0.09694960713386536,0.19729600846767426,-0.05889509245753288,-0.2010752558708191,0.08551310747861862,0.06776173412799835,-0.010911868885159492,-0.053460653871297836,-0.022765371948480606,-0.10505551844835281,0.1160220205783844,0.10291221737861633,0.12194103747606277,0.17726744711399078,-0.06652580946683884,0.1352905035018921,0.1495126187801361,0.08179322630167007
-0.0069255828857421875,-0.06655597686767578,-3.115488290786743,-0.010152493603527546,-0.025135237723588943,0.20132862031459808,0.24666224420070648,0.13399162888526917,0.06461905688047409,0.20359784364700317,0.16868332028388977,-0.20492678880691528,-0.32368919253349304,0.09809540212154388,0.1479923129081726,0.019048303365707397,0.02785586379468441,-0.02720249630510807,-0.10104887187480927,0.06641969829797745,-0.010199101641774178,0.07279722392559052,0.0628371313214302,-0.025893602520227432,0.06561356782913208,0.08145550638437271,0.06808331608772278
-0.005671501159667969,-0.0794534683227539,-3.1102800369262695,-0.011903035454452038,-0.005934839136898518,0.18299762904644012,0.18814344704151154,0.12418151646852493,0.04060300067067146,0.23370975255966187,0.19346299767494202,-0.2721942961215973,-0.34599703550338745,0.11334836483001709,0.17232094705104828,0.03201642259955406,0.048556335270404816,-0.05535495653748512,-0.0762106254696846,0.03094576857984066,-0.04835837334394455,0.04539981856942177,0.009383604861795902,0.0021560939494520426,0.050354551523923874,0.06750564277172089,0.1019604429602623
0.004579618107527494,-0.08295106887817383,-3.1157283782958984,0.0015782271511852741,0.022768143564462662,0.14189809560775757,0.09053567796945572,0.10440877825021744,0.017789410427212715,0.23449550569057465,0.14777298271656036,-0.3454325795173645,-0.45527228713035583,0.149886816740036,0.24289913475513458,0.040273264050483704,-0.008761253207921982,-0.0787535086274147,-0.02787417732179165,0.04047111049294472,0.04138723760843277,0.01632533222436905,-0.04878503829240799,0.02412070333957672,0.022517334669828415,0.08242454379796982,0.08988402038812637
0.015378394164144993,-0.04582357406616211,3.1306257247924805,0.003977046348154545,-0.013292516581714153,0.0943588986992836,0.09316685050725937,0.06589338928461075,0.007091077510267496,0.19048598408699036,0.1345556378364563,-0.36072656512260437,-0.36609169840812683,0.1496133953332901,0.19467465579509735,-0.02025919035077095,-0.02309233322739601,-0.08032788336277008,-0.039377711713314056,0.10859955102205276,0.1807686686515808,0.005821843631565571,0.01535918191075325,0.05215459316968918,0.09867942333221436,0.07817906141281128,0.04469309002161026
0.00641740532591939,-0.03014659881591797,3.090463399887085,0.008363249711692333,0.00098488200455904,0.07294127345085144,0.08669749647378922,0.01617976650595665,-0.02567293681204319,0.17745769023895264,0.18238435685634613,-0.2651946246623993,-0.17546173930168152,0.13295352458953857,0.10307838022708893,-0.07856523990631104,-0.060642730444669724,-0.05318693071603775,-0.019687915220856667,0.16739290952682495,0.22431567311286926,0.03527393564581871,0.11338426172733307,0.08494575321674347,0.1720724254846573,0.10009019076824188,0.11941585689783096
-0.004787445068359375,-0.0423274040222168,3.060018539428711,0.05438270419836044,0.03446219488978386,0.0653119906783104,0.0699760764837265,-0.01811942644417286,-0.05975262075662613,0.12319964915513992,0.007134142331779003,-0.2095179259777069,-0.24137917160987854,0.12213735282421112,0.15192225575447083,-0.07111282646656036,-0.04368342086672783,-0.029494142159819603,0.014508875086903572,0.20099511742591858,0.20423397421836853,0.02056110091507435,0.014775244519114494,0.07497157901525497,0.05304679647088051,0.0739649087190628,0.05116315558552742
-0.009114265441894531,-0.06613540649414062,3.0555198192596436,0.10677704960107803,0.0876016914844513,0.063740074634552,0.12052411586046219,-0.013388203456997871,-0.028437023982405663,0.08849532157182693,-0.0758303627371788,-0.1977795660495758,-0.2908688187599182,0.15000148117542267,0.26326602697372437,-0.019236469641327858,-0.0043877288699150085,-0.028766147792339325,0.045866161584854126,0.18795961141586304,0.0730079710483551,-0.013272980228066444,-0.0706261694431305,0.06817004829645157,0.017971254885196686,0.0709046721458435,0.04414284601807594
-0.011699199676513672,-0.036963462829589844,3.059621572494507,0.11730751395225525,0.08568242937326431,0.06866574287414551,0.08067762106657028,-0.014705044217407703,0.020923687145113945,0.0403301902115345,-0.1063590794801712,-0.21666137874126434,-0.23066166043281555,0.14949902892112732,0.27888569235801697,-0.013950059190392494,0.0356912761926651,-0.02589963749051094,0.059586018323898315,0.14172279834747314,-0.014655185863375664,-0.045956388115882874,-0.11832619458436966,0.0446179136633873,0.0006091371178627014,0.05698578804731369,0.06419908255338669
-0.019139766693115234,0.0068061999045312405,3.0750210285186768,0.10613393783569336,0.09001175314188004,0.0854923203587532,0.07947096973657608,-0.011704972945153713,0.0306652020663023,-0.013367797248065472,-0.023676488548517227,-0.16000230610370636,0.0017513958737254143,0.14971588551998138,0.2703390419483185,-0.014793549664318562,0.027976274490356445,-0.012787604704499245,0.07655627280473709,0.07810156792402267,-0.021697165444493294,-0.07868640869855881,-0.08914559334516525,0.03901991248130798,0.04109273850917816,0.08773227035999298,0.18795877695083618
-0.0058994293212890625,0.033847540616989136,3.0896286964416504,0.09464772790670395,0.09857191145420074,0.08383630216121674,0.15910665690898895,-0.019513236358761787,-0.016036085784435272,-0.04326144978404045,-0.03394912928342819,-0.0672774612903595,0.2610042989253998,0.11797425150871277,0.18538863956928253,-0.019177759066224098,-0.015176031738519669,-0.0056451186537742615,0.0740363597869873,0.06888121366500854,0.08370944857597351,-0.05978502333164215,-0.014608512632548809,0.04065576195716858,0.06638491153717041,0.13241465389728546,0.22113293409347534
0.023960167542099953,0.051792241632938385,3.0956616401672363,0.09002554416656494,0.14002403616905212,0.0673937126994133,0.1827322393655777,-0.02823350951075554,-0.041244786232709885,-0.08746550977230072,-0.04126277565956116,0.022247686982154846,0.28587713837623596,0.06736765056848526,0.1718483865261078,-0.028851112350821495,-0.04065888002514839,-0.011859580874443054,0.1340055614709854,0.1003798320889473,0.11553344875574112,-0.06398012489080429,-0.05486472696065903,0.05111757665872574,0.11404390633106232,0.13177378475666046,0.2151654213666916
0.04213778302073479,0.041751496493816376,3.100283622741699,0.087622731924057,0.09078612923622131,0.056995704770088196,0.15806399285793304,-0.03745775297284126,0.02169618010520935,-0.08969762921333313,-0.09594129770994186,0.10286890715360641,0.22732959687709808,0.0740145891904831,0.1900872141122818,-0.01761566661298275,0.046243663877248764,-0.004362757317721844,0.05923657864332199,0.11387805640697479,0.0024608056992292404,-0.07177411764860153,-0.129506915807724,0.08884835988283157,0.07398258149623871,0.15000000596046448,0.03343920037150383
0.040555499494075775,0.012956047430634499,3.114391565322876,0.09828653931617737,0.049660421907901764,0.08259904384613037,0.14514581859111786,0.0034842046443372965,0.0588509663939476,-0.08175405114889145,-0.13017988204956055,0.10732622444629669,0.03125174716114998,0.1395042985677719,0.17322281002998352,0.027704376727342606,0.10063311457633972,0.024577055126428604,0.02969965524971485,0.04512783885002136,-0.049577511847019196,-0.0905565693974495,-0.09288240224123001,0.05780162662267685,0.012295062653720379,0.07573394477367401,-0.041216034442186356
0.03565443307161331,0.0014954658690840006,3.1351161003112793,0.08001762628555298,-0.01986633986234665,0.11606822162866592,0.1696130484342575,0.029755396768450737,0.06390570849180222,-0.07468070089817047,0.005228033289313316,0.10262034088373184,0.06298968195915222,0.15000000596046448,0.060280654579401016,0.035437289625406265,0.03157929331064224,0.06317510455846786,-0.01109817810356617,0.009023893624544144,0.0547935888171196,-0.06910260766744614,0.0973096713423729,0.040770649909973145,0.015008322894573212,0.050607889890670776,0.03615317866206169
0.04526576027274132,-0.005906105041503906,-3.138655185699463,0.04583071172237396,0.029458414763212204,0.13361170887947083,0.20772123336791992,0.053656209260225296,0.07898295670747757,-0.036372169852256775,0.05350730940699577,0.06390116363763809,-0.00042255688458681107,0.12573781609535217,0.06489786505699158,-0.0002614362456370145,-0.08700390160083771,0.0879359170794487,-0.05136721581220627,0.03522318974137306,0.14142607152462006,0.02651902474462986,0.16481654345989227,0.020209351554512978,-0.009149424731731415,0.07275740802288055,0.1306673288345337
0.04929656535387039,-0.010263919830322266,-3.130880832672119,0.016161417588591576,-0.002493460662662983,0.15495140850543976,0.18982405960559845,0.08649133890867233,0.10829109698534012,-0.006733751855790615,0.010840707458555698,-0.024324316531419754,-0.08376073092222214,0.14539146423339844,0.16371865570545197,-0.021225450560450554,-0.03264143690466881,0.10347113758325577,-0.1043759286403656,0.024459421634674072,0.049952030181884766,0.09599420428276062,0.06793604791164398,-0.06713522225618362,-0.039005380123853683,0.03105117939412594,0.08866049349308014
0.035681501030921936,-0.035533905029296875,-3.1173832416534424,0.000552860030438751,0.007469001226127148,0.1807766556739807,0.2340274602174759,0.08189836144447327,0.13816960155963898,0.05195409059524536,0.08538956195116043,-0.014530694112181664,0.0034803603775799274,0.1388540416955948,0.15525372326374054,-0.005640261806547642,-0.008501384407281876,0.11991386860609055,-0.12548062205314636,-0.0005547805340029299,-0.05610863119363785,0.12768544256687164,0.06928493082523346,-0.0923713818192482,-0.004554778337478638,0.037775881588459015,0.13146911561489105
0.03748961538076401,-0.03739118576049805,-3.103944778442383,-0.008354631252586842,-0.03350691497325897,0.1762746125459671,0.1547079235315323,0.10747114568948746,0.1032445877790451,0.058114949613809586,0.05970272794365883,-0.038656845688819885,-0.13162243366241455,0.13528427481651306,0.1055985689163208,-0.006401677615940571,-0.03579080477356911,0.10654973983764648,-0.11432591825723648,-0.018442053347826004,0.05568743497133255,0.13938409090042114,0.1539151817560196,-0.08935432136058807,-0.023723553866147995,0.06798702478408813,0.11539967358112335
0.04016673192381859,-0.025785446166992188,-3.103189706802368,-0.01833394728600979,-0.039762746542692184,0.1589597910642624,0.10374215990304947,0.1185440793633461,0.06975667178630829,0.0551217645406723,0.08798553049564362,-0.06524918228387833,-0.20255768299102783,0.12351634353399277,0.054809797555208206,-0.02060640975832939,-0.07884113490581512,0.09206467866897583,-0.07117855548858643,-0.013656619004905224,0.1931016594171524,0.13760583102703094,0.19638237357139587,-0.08457043021917343,0.022845502942800522,0.08713071048259735,0.13538740575313568
0.050351619720458984,-0.006276130676269531,-3.11944580078125,-0.033083003014326096,-0.07486069202423096,0.12001414597034454,0.07424529641866684,0.0969742089509964,0.056215278804302216,0.0634898766875267,0.06261491775512695,-0.12850461900234222,-0.19537052512168884,0.08971351385116577,0.050966765731573105,-0.04825378581881523,-0.03350864723324776,0.07545493543148041,-0.11460459977388382,0.014918968081474304,0.13047510385513306,0.1351414918899536,0.1586243361234665,-0.07649766653776169,0.030684538185596466,0.061516840010881424,0.022855589166283607
0.05372755974531174,0.004431603010743856,3.140228271484375,-0.04547339305281639,-0.0585276335477829,0.07357988506555557,0.008192626759409904,0.05392931401729584,0.021883033215999603,0.0842033103108406,0.12188263237476349,-0.174103781580925,-0.20791125297546387,0.0933261588215828,0.10405042767524719,-0.0642949566245079,-0.050290945917367935,0.06808263063430786,-0.09149806946516037,0.04220296069979668,0.1000344455242157,0.11752627044916153,0.10030936449766159,-0.05051760748028755,0.05551428720355034,0.012216631323099136,0.038323916494846344
0.04879278689622879,-0.0006518363952636719,3.1170589923858643,-0.04127228632569313,-0.0236036479473114,0.033779121935367584,0.06032837927341461,0.03818478807806969,0.03369218111038208,0.09500117599964142,0.10009880363941193,-0.18131659924983978,-0.17930136620998383,0.10646146535873413,0.16253305971622467,-0.06342816352844238,-0.03427603468298912,0.05809124559164047,-0.09950783848762512,0.06901909410953522,0.010039329528808594,0.09829986840486526,0.07429248094558716,-0.02932269126176834,0.0627107322216034,0.0011748296674340963,0.06579487770795822
0.027963915839791298,-0.02792644500732422,3.120975971221924,-0.009750775061547756,0.0168255977332592,0.01658657006919384,0.01975410245358944,0.027911491692066193,0.027750415727496147,0.08024416863918304,0.0300527885556221,-0.18012283742427826,-0.22129403054714203,0.14999493956565857,0.1925603598356247,0.011480230838060379,0.00042866915464401245,0.04742799699306488,-0.048727214336395264,0.05673601105809212,-0.021205713972449303,-0.0009284604457207024,-0.08969990909099579,0.020269453525543213,0.04566960781812668,-0.002734311856329441,0.05614613741636276
0.025568855926394463,-0.024933815002441406,3.114619493484497,0.008081961423158646,0.0556485541164875,-0.008839976973831654,-0.05636836588382721,0.036232274025678635,0.040598541498184204,0.04291651397943497,-9.15825366973877e-05,-0.1815003901720047,-0.19876252114772797,0.14988286793231964,0.2009628415107727,0.029159322381019592,-0.006786704063415527,0.011960906907916069,-0.005922624841332436,0.05601346865296364,0.04470361769199371,-0.0525507889688015,-0.12091385573148727,0.04762137681245804,0.040354739874601364,0.03240048885345459,0.09507476538419724
0.03294229879975319,-0.014991283416748047,3.0864365100860596,0.025421272963285446,0.07613024860620499,-0.044422734528779984,-0.07966964691877365,0.05273168534040451,0.023310279473662376,0.004096237011253834,-0.030146140605211258,-0.17555439472198486,-0.1719449758529663,0.14984987676143646,0.173537477850914,0.005464214365929365,-0.040346354246139526,-0.022904271259903908,-0.0026711244136095047,0.09389281272888184,0.16324883699417114,-0.04969067871570587,-0.027107564732432365,0.05476615950465202,0.08112920820713043,0.07435174286365509,0.13706062734127045
0.0394776351749897,-0.020913124084472656,3.0631256103515625,0.05336028337478638,0.05393201857805252,-0.07547977566719055,-0.06325588375329971,0.07399510592222214,0.02834695391356945,-0.03002825193107128,-0.1090664491057396,-0.15692810714244843,-0.1836284101009369,0.14971722662448883,0.22957836091518402,0.006675835698843002,0.01630408689379692,-0.049500174820423126,0.008207999169826508,0.12511633336544037,0.1378273218870163,-0.05218978226184845,-0.05444538593292236,0.0581536665558815,0.041606832295656204,0.0720822885632515,0.08410748839378357
0.02502998523414135,-0.03018474578857422,3.056403160095215,0.06983519345521927,0.13312524557113647,-0.08058217167854309,0.04975584149360657,0.0782347097992897,0.031201666221022606,-0.046161867678165436,-0.06714385747909546,-0.0989091768860817,-0.041101109236478806,0.14952489733695984,0.2445635348558426,0.028345786035060883,0.009485142305493355,-0.05297049880027771,0.06622732430696487,0.12666282057762146,0.07862386107444763,-0.07526949048042297,-0.12672969698905945,0.0712212473154068,0.07535259425640106,0.06621941924095154,0.11325008422136307
-0.010030269622802734,-0.048686981201171875,3.058715581893921,0.08239209651947021,0.13659828901290894,-0.058846887201070786,0.0565008707344532,0.07530885934829712,0.008415153250098228,-0.04548482969403267,-0.08500303328037262,-0.003549982327967882,0.027722012251615524,0.14844150841236115,0.21882355213165283,0.06921841204166412,0.041336964815855026,-0.032635994255542755,0.1021723672747612,0.0787205919623375,-0.03504106402397156,-0.09775295853614807,-0.1597995012998581,0.06821051239967346,0.03051147609949112,0.06540954858064651,0.0850093886256218
-0.029995441436767578,-0.055699825286865234,3.0403547286987305,0.09928366541862488,0.11123951524496078,-0.04894806444644928,0.08132429420948029,0.09225746244192123,-0.03298867121338844,-0.034882038831710815,-0.15490774810314178,-0.016765128821134567,0.05184974893927574,0.12485399097204208,0.17870964109897614,0.0820455327630043,0.02821420691907406,-0.019450275227427483,0.10121320933103561,0.046183228492736816,0.019175320863723755,-0.10264059901237488,-0.052389174699783325,0.06121309846639633,0.03118099644780159,0.07169994711875916,0.025688493624329567
-0.036452293395996094,-0.035088539123535156,3.030752420425415,0.10126792639493942,0.04361279308795929,-0.058899082243442535,0.09423818439245224,0.10077488422393799,-0.020341411232948303,-0.057384688407182693,-0.13646568357944489,-0.018952473998069763,0.10281047224998474,0.12073945999145508,0.16075129806995392,0.06307762116193771,0.0521220825612545,-0.011256909929215908,0.05846911668777466,0.02776380442082882,0.0458669513463974,-0.10485158860683441,0.02328529767692089,0.057994768023490906,0.08794040977954865,0.07086725533008575,0.0037698885425925255
-0.034627437591552734,-0.004435539245605469,3.0509610176086426,0.08446629345417023,0.06063389778137207,-0.08003883063793182,0.13522852957248688,0.07827972620725632,-0.04658820480108261,-0.08950847387313843,-0.10067682713270187,0.001180388149805367,0.19786226749420166,0.12644001841545105,0.10348787158727646,0.0006595517043024302,-0.004439955577254295,0.008970901370048523,0.09139344096183777,0.06241641193628311,0.13086920976638794,-0.022371886298060417,0.08892348408699036,0.06184229999780655,0.09122905135154724,0.08080533891916275,0.1211102083325386
-0.048038482666015625,0.007341019809246063,3.1164121627807617,0.07277971506118774,0.13566245138645172,-0.0835454985499382,0.17220959067344666,0.01250072754919529,-0.049505364149808884,-0.10865669697523117,-0.05034076049923897,0.028179509565234184,0.16968511044979095,0.1324651539325714,0.15027423202991486,-0.006663735955953598,-0.02827823907136917,0.05013115704059601,0.13833872973918915,0.0863589271903038,0.15838472545146942,0.007202509790658951,-0.041001059114933014,0.06578079611063004,0.09715017676353455,0.09353990107774734,0.2417856752872467
-0.0676732063293457,0.005875992123037577,-3.110018730163574,0.07290437072515488,0.16813206672668457,-0.07269801944494247,0.218488410115242,-0.04579630494117737,-0.023147083818912506,-0.12488368153572083,-0.053126122802495956,0.054754916578531265,0.24537283182144165,0.1313602179288864,0.10907582193613052,0.002913653152063489,-0.04648124799132347,0.10190101712942123,0.1402684450149536,0.12109657377004623,0.15156786143779755,2.883023989852518e-05,-0.06122231483459473,0.07998517155647278,0.06877988576889038,0.15000000596046448,0.2546791434288025
-0.06795978546142578,-0.004908084869384766,-3.080934524536133,0.07184825837612152,0.10508368164300919,-0.07339362055063248,0.16545294225215912,-0.06121024861931801,0.05144309252500534,-0.12847356498241425,-0.05292681232094765,0.08738977462053299,0.22828534245491028,0.12551626563072205,0.05732763931155205,-0.006994639988988638,-0.06879666447639465,0.11999976634979248,0.024748895317316055,0.12166005373001099,0.18071657419204712,0.009510446339845657,0.060147568583488464,0.07443761825561523,0.03448602557182312,0.15000000596046448,0.1636146605014801
-0.04135942459106445,-0.01570749282836914,-3.0945026874542236,0.04713575914502144,0.027734525501728058,-0.07777193933725357,0.07819382101297379,0.023452192544937134,0.09132430702447891,-0.08643191307783127,-0.0587436743080616,0.07686363905668259,0.08529920130968094,0.07904363423585892,0.02723357267677784,-0.07587974518537521,-0.10104277729988098,0.11516837030649185,-0.06722035259008408,0.18243367969989777,0.2719706892967224,0.11047809571027756,0.17926248908042908,0.01649804413318634,-0.012072743847966194,0.12729637324810028,0.09652594476938248
-0.00914144515991211,-0.039000511169433594,-3.0880062580108643,0.029086824506521225,-0.025080665946006775,-0.08449750393629074,0.05507228523492813,0.07489095628261566,0.07052348554134369,-0.030185867100954056,-0.06090271845459938,0.007565596606582403,-0.09407174587249756,0.024736447259783745,-0.015837887302041054,-0.10805336385965347,-0.08389820158481598,0.07629068195819855,-0.10048014670610428,0.20678043365478516,0.25288644433021545,0.18677523732185364,0.2592240571975708,-0.03747320547699928,-0.06237005814909935,0.11356256157159805,0.09955758601427078
